vin,price
5J8YD4H05LL032532,54427.7499702381
KNAE45LC8K6050784,40473.035
5XYZGDABXCG149606,8714.096
1G1ZE5ST6HF197903,16838.25
KL4MMDSL6LB106699,25148.172316341985
1FMJK1JT8KEA01413,47825.82316666667
1FD8W3HT9LEC47909,47300.836290476196
2FMPK4J93GBB49987,19938.423
3C63R3EL0LG264012,65679.8634111111
1GC4YNE76LF322205,59977.68716172162
5N1AT2MV9LC793052,25626.002922222237
1FTEW1E57LFC48715,53289.66609635089
4T1BF1FK6HU364073,16760.907
WA1BNAFY3J2034396,28204.72
JN1AZ4EH3LM822601,47465.71533333333
2HGFC2F85LH559958,22768.203585714284
1GTW7FCG7F1194269,24748.58
5NPD84LF0KH423636,14026.682
JTMD6RFVXLD006313,33410.752128787855
1ZVBP8AM8E5295019,13653.67
WAUG8AFC1HN124613,31056.719
2C3CDZAG8LH161671,25271.262433333333
1GYS4GKJ1LR252703,72954.94175
1FTFW1EG3HKE07623,35826.628
2T2JGMDA8LC054405,38295.63316257214
1C4NJRFB5GD637260,12036.282
2T2AZMDA5LC238064,52943.65480952381
SALSF2D45CA739985,16974.902
1G1BE5SM6J7132706,20050.386
2GNALPEK3D6268320,13165.968
1GTG6CEN7H1256354,30093.775
JTDEPMAE0MJ128824,26240.8427452381
5TDXZ3DC8HS823665,25194.783
3GNAXHEV2LS715210,26958.782166617577
1FTEW1E58KFA74202,53848.27451666666
JF2SJAEC6JH587372,18494.794
1GCRCPEC3FZ204659,23295.353
3N1CP5BV9LL530248,17393.813311904763
1C6SRFJT5LN349440,52434.94524127262
1HGCV3F98LA008563,30294.17019047619
5YFBURHEXJP841333,15565.963
LRBFX3SX4LD122034,39310.46049468864
KNMAT2MV0LP539291,27439.31447694804
3LN6L5E99LR603888,39742.595853427134
1GC1KXCGXBF101479,25704.605
2HKRW1H28LH404799,28305.628483333334
WVWJK73C88E109527,4347.539
WP1AA2AY3LDA10339,81676.18401587309
1FMCU9GD3JUC37330,17110.8
5TDGZRBH4LS516195,42061.92885952379
JM1DKDC73J1324292,17504.517
JTEZU14R460079669,9241.974
1C4RJFAG1CC156277,11864.156
5NPD84LF2KH447940,13432.607
3GNCJPSB1LL217086,20448.78703988095
2T3H1RFV8LW100922,31226.908419047617
KNDJT2A59C7467334,9048.985
MAJ6S3KL5LC389546,23765.140077669537
19XFC2F54HE057692,17964.382
ML32A5HJ1LH005040,13536.78685000001
3CZRU5H78GM705981,15610.365
1G1105S37JU148349,20458.787
WDAPF1CD3GP202529,30198.881
5FNYF8H25LB014987,39436.89240158729
JN8AT2MV1LW135927,26154.948236111082
5J6RW2H29LL006349,32346.76068650795
3FA6P0CD6LR218247,24937.237486904767
3FA6P0H71HR260464,13834.451
LRBFX1SA7LD078885,34724.87455674604
JTMWFREV8HD103530,21999.861
5N1AT2MV8LC797500,25693.975771428573
1FTEW1E49LFB75063,59705.99199999999
3KPC24A64LE126116,17555.102046428576
3N1AB7APXJY267272,15976.59
1FMCU9JD6HUD02044,18203.242
1G6DM5RK2L0146138,38014.93228333333
1FTEW1CP0LKE35998,38209.05070753968
5N1AT2MV4LC777812,30607.01986190475
KL4CJASB1JB637591,16886.812333333335
2C3CDXHG6KH512439,25383.179
WA1BCCFSXJR006633,22476.036
KL7CJNSB7LB064077,18777.34733809524
2G1WT58KX89176570,6049.556
KL7CJKSB5LB038267,19037.664922402597
JM1GL1UM8L1522883,23821.40015952381
2T1BURHE3KC238290,15043.977
19XFC1F73LE218425,24613.274758333333
4T1B11HK7KU766185,24497.829
1C4BJWEG2GL181755,31000.872
1G6AX5SX4E0165115,22478.966
3C4NJCBB3MT505865,28101.044910567205
5TDDGRFH4KS067490,32839.245492857146
3HGGK5H48LM722669,20035.447996031748
JM3KFBCM5L0794717,28741.276008225104
1GT121C80BF210443,25960.201
4S4BSAFC0H3403427,20956.9
3GKALPEV5KL194348,21383.681
2GKFLTEK9H6239924,21249.102
WA1B4AFY5L2039430,64548.11833333334
WDDZF4JB7HA266320,36855.164
3FA6P0HD2LR261038,21934.653812697918
3C4NJCBB8MT518157,28101.044910567205
1G1ZG5ST6LF153368,23203.353488953348
WAUANAF48HN064854,24840.49
1GKKNULS2LZ231730,44033.88049047618
3GCUKREC1FG302470,23127.051
2C3CCAGG3JH267597,19602.536
SCFRMFAW3LGL09248,62739.421033333325
3KPA24AD1LE334136,17390.92585238095
JTEBU5JR3J5561722,36345.373
ZN661XUS6HX222524,55672.04
1G1PE5SB8E7365819,7561.219
1FA6P8CF3K5152712,39396.8255
1NXBR32E16Z701670,5000.327
1FMCU0G63LUB57011,36763.55641428568
JF2SJAWC1JH428046,21847.2985
JTEBU5JRXA5014351,11766.666
1D8HB58D14F142735,7567.153
JF2SKAUC2LH587595,34289.9524566378
3GNCJLSB5LL310685,19931.006567063498
1C4HJXDG1KW536391,33287.643
3VV2B7AX6LM003754,25769.439666666665
3N1CN8EV0LL823779,18092.839346825403
JTJBM7FX6H5155402,37827.674
7FARW2H59KE047828,30282.6364446054
5N1AT2MT6FC914123,13378.189
KL7CJPSB8GB536739,14317.726
1FTEW1E52LFB96569,46288.86524960319
5N1DL0MMXLC523921,55361.10366666667
1C6SRFHT4KN517654,36481.327
JN8AT2MT8LW017131,24941.940333333332
3FA6P0HD1HR376950,19647.2655
2CNFLEEC6B6371378,8237.382
5J8YD3H30JL008902,32018.497
1FTEW1EG0GFA42711,35804.418
SALTY19454A839636,19599.65
1HGCV2F54LA024816,35407.40760714286
1GTU9FEL1LZ324474,60252.90863333333
JF2SH6CC4AH764464,9158.84
1GKKNMLS2LZ194825,41490.06777777778
ZFBCFYDT0GP501036,18217.083
2G1FC3DD7B9209737,15692.914
1C4RJFAGXLC413856,41516.151
KM8J23A42KU895936,16871.975
5XYPGDA36LG679989,29157.642154761907
4T1B11HK9KU191538,26694.571583333334
1HGCR2F35HA130072,16400.927
3VV3B7AX6JM019888,19646.927
5NMS2CAD7LH178191,23007.953694444444
KMHD84LF1LU003547,22800.375
3GCNWAEH2LG345507,27596.1507
3KPF24AD2LE194278,18986.04905
2HGFA16529H304781,6309.333
WBAWC73528E064392,10630.546
2T3DFREV7FW303208,18161.5
3HGGK5H85LM725063,19505.7142686508
KL8CB6SA6LC457701,27485.054112301586
ZACNJABB6LPL57668,20801.647342857137
1V2NE2CA3LC211895,42618.04074404761
1V2YE2CA1LC223427,40749.7725297619
KL4CJESB8KB832869,20926.108333333334
1N4BL4BV7LC214184,23348.250094444433
1C4RJFBG7LC341397,37794.622235714276
SBM22GCA3LW000602,218907.759
2T1BURHE2HC914723,13667.601
5GAKVCED2BJ314173,11348.814
3VWG57AU7LM011859,22247.21942261905
4T1BF1FK9HU433922,16730.001
3GCPCREA1CG307365,15069.145
1C4PJLCB5LD648974,24861.10670714285
5XXGT4L35KG337316,18506.169
1FMHK7D88BGA49099,9686.636
2T3DFREV2JW849858,25791.0655
3KPC24A3XKE049417,13647.879
WBAJE5C33HG916082,40120.252
YV4A22RKXK1328826,37241.208
1GKKNPLSXLZ203854,40948.87925402931
KNAE15LA8J6016124,25938.623
3HGGK5G40JM702222,14264.126
3GKALSEX2LL295756,34546.633266666664
2G61M5S38H9162797,26204.877
1N4AZ1CP1LC301636,38841.08920238096
1GYS4CKJ3LR301196,80629.40320833333
1C4RDHAG9LC325044,36044.35540952381
3GNAXKEV0LS509901,21006.998333333333
5TDYZ3DC3LS022462,28616.237
1FTMF1C55KKD93241,26101.535
3GKALVEV1LL302213,33875.553949999994
1GNSKTKL6MR113391,76543.81649285715
KL7CJLSB3LB089594,20401.9225
1FMCU0GD4HUC76952,18677.31
KMHD84LFXLU013154,22454.912179365074
1FMCU0G60LUB38884,40123.064399999996
W1K3G4EB7LW043784,27449.76925
1FT7W2BN4LEE30414,48682.810460717046
MAJ3S2GE1LC318058,24163.406057539676
4S4BRBAC5A3322115,6680.912
1FMSK8DH3LGB65291,39751.63843333334
1GKKNULS3JZ216487,29353.256
JTMWFREV3GJ065401,17581.018
JTDKARFUXL3118547,26428.26250396825
1GTG5CEN0M1121956,30944.76665
1GTG6EEN4M1120656,37802.38552857142
KL4MMDSL3LB128451,27209.100690674586
1GCGSBEN4M1112177,31231.615
2HGFC2F61LH502445,20436.207166666663
1C6HJTAG9LL211320,39886.35946428571
1GYS4HKJ6LR305921,80711.24016666667
SADCK2FX5LA657046,60676.655666666666
3GTU9DED7LG400857,51332.59285714286
WMWZB3C53DWR35751,8743.534
JTDS4MCE0MJ056306,26393.524685972352
3GCPCSEC9HG399891,42040.945290659336
1ZVBP8CF1D5200328,21862.448
4S4BTAEC1L3252945,33031.39312222222
3GTU9DED2LG252794,58269.33525068534
JTMY1RFV1LJ022157,31684.385176312557
1HGCV1F44LA105980,25534.92668122432
1GTR2VE77CZ176967,15310.332
1FMSK8DH8LGC72059,43637.558452380945
1C4RJFAG3LC398455,44840.69224642857
1GYS4KKJ4JR203608,56010.752
KL7CJLSB8LB093124,22480.122780952384
1FMJK1HT5LEA61964,52255.14703333334
4JGDF6EE6FA614136,27848.237
1FTEW1EG2HFC28834,38799.13
4T1BF1FK6GU547858,16664.898
JF1VA1J69G9801307,25763.393
1FTEW1E54KKE09107,41346.463
SALCJ2FXXLH857046,44294.72146666666
5TDGZRBH6LS044839,44336.223425216456
KMHD74LF7LU948585,18090.56011428573
5N1AT2MT2KC773691,18686.932714285715
5FNYF5H24MB001924,37713.202390476195
1FMJK1PT7LEA51387,67116.79417380953
MAJ3S2GE2LC329442,24966.083177380948
WDZPE7CC1E5864905,26049.158
1G6DT5RK2L0151245,47877.23690238096
1FMCU0EG7CKB62719,9964.507
3N1AB7AP0KY293378,15831.904333333336
1FMCU9G63LUA94531,38247.420672619046
KM8K3CA54LU507861,28786.484624999997
KMHL34JJ1LA011618,29228.319775
1FM5K7B87FGB94484,15944.012
1GYS3BKJXLR180809,76960.975
1V2PR2CA1MC517542,40087.441732142834
1C6SRFFT1LN359374,54349.52434004335
1FTER4EH7LLA50477,44920.79607898394
KNMAT2MT5LP525000,24754.343666666664
SALVP2RXXJH269812,30988.344
2FMPK4G97HBC68828,25021.997
WDDZH6JB0LA723158,68421.137
3FA6P0H71GR305319,15874.743
WA1JCCFS9JR001659,26304.80025
JTMBFREV7JJ745906,26478.6615
JNKBV61F58M272594,7881.842
3GKALTEV9JL297280,22712.968
4S4BTAEC7L3261813,32559.810357313334
19XFC2F68LE211855,21749.730251190475
3N1AB61E77L717832,5979.27
1FADP3K24HL293835,13920.735
5GAEVAKW8LJ107120,40296.024066666665
3VWCB7BU9LM072927,24692.819230142075
1FA6P8TH8H5205429,22688.574
ZACCJBCT9FPB31569,14450.655
WMWXU9C03M2N29405,35256.387
1FTMF1C52KKD38391,25215.432
3FA6P0HD0LR107136,23474.60673348317
5XYPK4A55LG702551,37320.94966666667
2GKALMEK2H6153841,17969.689
1GYS4DEF6DR370284,21711.091
1GCUYGED3LZ338765,51163.296
1N4AL3AP4JC259489,17184.972
2B3KA33V79H582090,8442.289
1C4RJEBG0LC403880,44322.794250000006
JN8AT2MV2LW137766,25820.703471428566
KL7CJLSB4LB053655,19461.7785
1GKKNRLS8LZ164712,36923.910333333326
1C4RJFBG8LC385263,44171.920020634934
1N4AL3AP8DC902723,9568.071
1C4RJFBG7HC873403,30406.605
ZARFAMAN1L7626473,41176.58228333333
4S4BSANC0K3363214,28409.206
3GKALXEXXLL325390,32600.303999999996
JNKCV64E68M120024,9425.811
JTDS4MCE9MJ055039,26276.2473689394
1C4HJXFG8LW119803,44814.80808333334
1HGCR3F96EA028656,12935.601
JTEBU5JR2F5255487,25653.398
JA4AZ3A33LZ011248,27896.54424285714
1FMCU9H60LUB06309,40081.793977380956
19UUA8F57DA009876,14493.187
WAUL2AF20KN051605,60142.719600000004
1C6RR6FG5HS786504,27214.566
WDDUG8CB3FA199370,43902.705
3GNCJPSB6HL207144,16527.425
2HKRM3H77FH535286,15188.642
W1KWF8DB1LR593764,46321.05625
1FA6P0HD6E5350536,11764.687
1FMCU9F66LUB58370,39889.27986944444
1C6SRFFT3LN420451,48360.697504692514
1FM5K8HT3JGA81030,35986.697
KL7CJPSB6MB306743,23238.284400160584
JF2SKAGC6LH601705,29661.824688997112
LRBFXCSA7HD040091,26841.142
KMHCT4AE7DU306757,8423.598
ML32F3FJ7LHF10642,19360.114792857137
1C4RJFCT9LC277391,49813.04526587302
1GNERFKW3LJ266408,37817.51246837467
7FART6H89LE017708,33798.17433141301
3N6CM0KNXLK701567,21069.950699999998
1FMSK8DH2LGB49650,42375.24382738095
1FM5K8GC4LGC71424,51949.78785175282
JTMR6RFV9LD004039,32067.780871067807
3VW2B7AJ9HM337288,14232.32
1FTEW1EG6LFB45464,49068.8514202381
1FTEW1E50LKE57088,47104.15067214449
3GKALTEV9LL297296,34155.543637698414
KMHRC8A37LU045273,29281.253516666664
1GKS2DKL0MR151251,81829.62602976196
1FMCU9DG5CKB54768,10642.823
KL4MMDS27LB087121,25750.358819047615
ZFBHRFBB7L6P33001,25889.769442460314
KNDJP3A59K7021581,13576.131
1C4HJXDN4MW514564,49410.35561904762
YV4102PK8L1612157,54560.71908333333
ML32F4FJ3LHF07016,13032.3487
1C6HJTFG2LL183112,38956.198
JN8AT2MVXLW133707,26154.948236111082
1FTEW1E44LKE71664,48257.534839971195
4S3BWAN66L3017155,27845.826923809516
1C4PJMLN8LD655952,27537.842995238098
2C4RDGCG8KR543456,17876.309
KL4MMESL7LB095525,29101.44519642858
1FMCU0GD3HUD92336,16836.336
3GKALTEV9JL347790,22868.489
1FMCU0GX9DUB94249,10712.613
1C4RJFAG0LC384612,39108.65763261184
5NMS23AD4LH141485,20572.487
4T1G11AK3LU997912,30852.64033882784
1C6RREJT7LN306565,48140.04385692363
2HKRW2H86LH667271,29433.50891294262
1C4RJEBG3LC428434,44234.92265000001
3C7WRSBJ5KG671246,66060.91314761905
1FADP3K25JL252166,15481.305
1FMCU0G68LUB99514,38402.19355050505
3VWGB7BU9LM072346,24206.08781904762
2T3F1RFV3LC129544,33784.36841309523
LRBFXCSA0KD105726,30593.865349999996
1HGCS1B87CA018883,13293.322
1HGCR2F31EA165042,15147.515
1C4BJWEG9GL161342,31044.891
WAUHGAFC5EN106327,18813.366
5J6RW2H83KL004535,28585.44911904762
WAUAFAFL5FN018643,19509.453
1FMCU9H67LUB62537,39974.36990515874
1N4BZ1DP3LC306422,39350.006933333345
3N1AB7AP3KY302767,16476.579
WAUGFAFC6FN003823,21246.211
JN8AT2MV4LW144394,27439.31447694804
KNAFG526077119461,5195.728
2GNAXSEV0J6338269,22828.685
1C4RDHDG4JC114116,30068.896
JN8AT2MV3LW118269,27439.31447694804
3C4NJDBB8JT115006,20977.488
2GNAXHEV3L6261175,22718.125979292927
1G1ZE5ST6HF110470,17372.337
1N6AD0ERXKN796050,28196.672
JF2GTHSC8MH219700,30283.30558429346
1GNSKBKC0KR375950,42566.295
3VW447AU7HM016301,23546.111
5FNYF6H91HB019712,30859.767
1N6AA1E52HN539548,33983.199
1GCRYAEF3LZ277213,43621.01709047619
WDCTG4GB7KJ610086,34242.02733333334
5J6RM3H93FL026416,18567.207
3C63RRGLXKG578653,58191.1229
KM8R5DHEXLU171668,43888.97940714287
5NPEF4JA1LH009848,27246.74284502165
WMWXR3C06M2M91862,25418.18500000001
19XFC2F65LE207343,22163.440131746025
1C6RR6LT8GS101525,25947.243
1FMCU0H65LUA67065,38740.86609278224
1C3CCCFB0GN189250,15056.637
1FAHP2F86KG115581,23404.997
3CZRU6H95LM729706,25333.41271666667
1FMCU9DG7AKC79851,6638.972
5NMS33AD1KH039394,20563.144
2T3RFREV7HW686852,20156.598
1C4RJFBG6GC478580,27290.959
3GNAXHEV3LS677907,27717.39377619047
KNDCB3LC5L5393726,27575.027249999996
2T3RFREV0HW641865,22002.413
JF1VA1C63L9819406,34589.493666666654
5NMS33AD9LH249467,25978.325873015878
1GKKNLLS4LZ233621,47990.107719047606
1C6SRFFT3LN409191,46431.28691547619
SJKCH5CP8JA053694,23034.625
JN8AZ2NE8H9155255,41971.074
1C6SRFHT3LN332187,45337.050249420055
2C3CCAGG5GH208740,19538.063
1GKS1AE00ER127102,24902.223
3PCAJ5M1XKF126338,25591.073
2GNALBEK4H1598327,17014.381
WVGBV7AXXGW593531,19665.893
2GNFLFE32G6100519,27017.945
WP1AB2AY2LDA28084,83988.86264285713
2GNAXJEV5J6352520,23952.993476190477
1N4AL3AP3HC223903,14941.644
1HGCP2F33BA077451,6758.82
1GYS4CKJ3LR124746,80733.983
1FMCU9GD7JUB45718,17600.444
1C6RREFT7KN745854,37216.171
KM8J33A21GU222297,20651.6285
5XYZT3LB3EG145175,12168.557
2G4WS52J011212776,6186.714
3GTU9CED8LG346110,47020.120276984155
2HGFC2F83KH514080,19678.04925
3GCUYHED9LG427858,58269.33525068534
JM3KFBCM1L0840740,29752.801870634925
1FD7W2A68LEC50861,45448.779650280274
WDDZF8DB9LA718022,53968.231916666664
1C4RJFBG1HC885997,31330.334
2C4RC1AG0KR667885,27855.364
3GNAXHEV6LS657974,19939.844291666668
1GKKNMLS2HZ272074,25752.025
1GCGTEEN7J1161674,29848.004
KM8J3CAL2KU948817,24707.83941666667
1GNERGKW9LJ297362,37817.51246837467
1FTER4EH3LLA54266,43704.53444404762
1GNEVNKWXLJ186559,45291.2521
5NPDH4AE8BH054115,8884.11
JTEZU5JR9F5095252,22592.186
4JGDA7DB3DA143880,21899.813
1FTFW1E48LKE27932,49311.22521666666
1GCJK33133F209898,7541.75
WBAJS3C00LWW67189,57416.5276
JTHG5LFF1L5011012,97017.294
KNDPMCAC7L7834596,27348.557525
JTMP1RFV6KD516121,30101.4845
1FMSK8DH4LGC81101,44303.483801813876
JM1BM1L79G1308106,14622.724
1N4AL2AP3CN514151,11626.496
1FTEW1CP1LFB80562,36835.19593109667
1FTER4EH7LLA08584,41781.637402380955
3FA6P0LU7KR100710,25789.698
3FA6P0LUXLR267192,38705.04588095239
SALGS5FE0HA342149,102223.15633333335
2CNDL63F666126838,3842.044
5J8YD4H38LL036360,49686.01825
4S4BTAEC9L3256516,31894.610122222224
WBA3N7C56FK225516,22567.586
1FMCU9G61LUA90137,40250.57300039682
5TDDZRBH5LS019269,44336.223425216456
1G1ZD5STXKF161111,16006.521
1N4BL4BV2LC266547,20250.40338248002
2FMPK4AP1JBB81780,28465.987
5FNRL6H56LB065653,39626.47972857143
NM0LS7F28L1454985,40459.62873333333
5NMS53AAXLH252961,37769.249083333336
1FA6P8CF8G5229985,32810.473
2FMPK4J99LBB09293,42359.59907460317
1G6DS5E31D0176835,13666.309
1C6SRFHM1LN415075,45337.050249420055
ZARFAMBN8L7630941,43124.990583333325
KNDPM3AC3M7856600,25579.27807142858
1C4AJWAG4FL538899,22360.155
2C3CDZAG0KH669602,30989.2503
1GC4K0E80GF224273,45467.933
5J8YD3H80LL008932,50389.35753174605
1FMCU9H96LUA35188,42630.9646284632
4T1FA38P28U157362,5361.227
4T4BF1FK6GR555433,14074.017
KL79MSSL9MB024321,27537.829767857143
1FMSK7DH6LGB38709,41170.400202380944
JN8AT2MV3HW250116,20213.934
1FTER4FH6KLA82205,42304.02269166668
ZARFAEEN9H7544191,28940.761
JN1EV7ARXHM835110,25135.115
WBA5U7C00LA234682,52116.25066666667
1FTEW1E54LKE78333,53289.66609635089
1C4PJMDX8KD463574,27409.01143939394
3C6UR5FLXJG216707,50166.8225
5N1DR2MM3HC662404,20636.209
1FMCU0DZ2LUC07315,37274.48256666666
1FMCU9F61LUB85749,40374.64880992063
5N1DL0MN4LC500434,48332.416950000006
2C3CDXGJ5JH237142,43936.34698333333
3C6UR5FL7LG147011,65122.866522680095
5J6RE48388L049059,6596.792
1GCRYDED5LZ201976,39393.4169
1HGCV1F33LA049439,26682.13230298036
2FMPK4K95KBB89012,26863.12
4S3GKAV65L3612080,23936.2342
5FNYF6H07MB011903,45307.66273809522
1GYKNCRS3HZ197490,26927.607
3VWEF71K07M138834,4704.715
SAJWJ0EF8E8U31846,22578.41
4T1BE46K57U508831,4278.429
1C6RR6LTXDS698981,17548.128
3GKALPEV4KL253065,19455.222
5XYZT3LB9HG493048,18343.066
KL8CB6SAXLC479653,27485.054112301586
5FNYF4H54BB042460,10153.386
SALCR2BG8HH704929,30104.443
5XYPG4A3XHG267534,17666.264
1FTEW1E46KKC81881,45842.10474166667
1C6HJTFG0LL216592,42373.43
1FADP3FE9JL307271,15123.484
1FMJK1MT4LEA61475,75375.3845
W1N4N4HBXMJ162310,44665.41332380952
JM1GL1XY9L1524334,34768.59660912698
1FMSK8DH0LGC39721,43674.49614166666
2C3CDXCT8JH290036,34482.617399999996
3KPA24AD8LE336692,15061.481202380954
WDDZF4JB7HA257178,31891.465
3KPF34AD1LE261675,26063.377734090907
KNDJH741095035808,7490.082
JN1EV7EK9HM362040,29778.27
1VWBV7A36FC046240,9318.32
5NPD84LF9LH595858,20019.911224297924
1FTEW1E51KKD51151,49395.428767857135
5J8YD4H39LL036237,49740.71647222223
JN1BJ1CP2HW020346,17483.353
WMWXJ1C07L2L90243,36321.272816666664
1C6RR6FT1FS635329,22688.023
1FADP3FE3HL283057,18219.674499999997
5UXCY4C02L9D43435,67165.17807142857
1C6RRFJG5KN729037,34381.544
4T1M11AK5LU373161,30343.16733131314
1C4RJFJG3LC436010,52514.04922777779
19XFC2F62LE212547,21256.041710714286
2GNFLHEKXF6133348,16389.574
2C3CDZBT0HH613745,31355.299
1C6RR7MT7ES359455,21281.888
1GKKNXLS7LZ119409,47990.107719047606
1FMCU9G6XLUA90136,40019.35216944444
1FM5K8HC3LGA82648,48061.839
5NPD84LF0LH619626,20213.41595345489
WBAJA7C32HG906876,30008.383
1FMJU2ATXKEA50984,48204.396
2G11Z5S3XK9134899,25018.844
1GTW7AFG5L1254155,61439.80196492675
3KPF24AD5LE164787,19017.235633333334
5FNRL6H79JB024156,26743.591
WUAWAAFC2HN904268,59822.733
3GNDA13D88S598868,5440.42
5FNRL6H55LB073162,37132.12668809524
2T3P1RFV1LC090618,32344.262075000002
2C3CCAAG6GH358378,17442.49
5N1AZ2CJ6LN158579,32071.711
KM8J3CAL5LU280626,30587.07035656565
4JGDA5HB5HA907488,39215.492
JN1BJ1CR3HW136110,20731.347749999997
2HGFC1E51JH702872,21720.681
1FTER4FH7LLA24492,42417.94596071428
W1KUG8JB7LA562722,122014.165
1HGCV1F36LA115174,25791.395963095238
1G1BE5SM3K7122152,20153.454
KM8J2CA46LU240129,24315.06091666667
5GADV33L86D116737,4240.329
1FTEW1EP2LFC56030,48605.05441666667
5N1DR2AN3LC613659,29189.225116666665
5UXKR2C31H0X07151,33756.364
5YFEPRAE4LP054587,24991.52564285714
1C3CCCBBXFN702850,14860.773
1FMSK8DH6LGC88020,43196.83956071428
1HGCV1F34LA126173,26682.13230298036
2T3BFREVXFW378458,14686.065
1FTEW1E49LFC72957,61588.22910674607
1N4AA6DV1LC379433,33280.219
3C6UR4CL7KG517841,64519.998587554124
5FNYF6H53HB052255,30394.543
3C3JY45X77T604950,6444.972
1G1ZH5SX5GF267058,21479.109
1FTER4FH2LLA63166,43455.57305120614
1FAHP60A72Y114422,14769.159
W1N0G8EB6LF815401,50485.805083333325
3FA6P0HD7JR167752,16700.404
1J4AA2D15BL528726,19040.833
2C3CDXL9XJH113007,77398.66166666665
3N63M0ZN4GK692683,12780.774
1FM5K7D87EGC10016,14325.812
1C4PJLCB5LD634380,22786.587679811837
4S4BTAEC3L3265678,32559.810357313334
3C4NJDCB5LT234195,28340.55866958879
5GAERBKW5LJ201675,42206.389952983125
3C4NJDBB1MT506891,27185.686218253963
3KPC24A66LE126666,16665.64065
2GCEC13T361147340,41513.55255952381
4S3BWAC61L3013761,23683.32375
3GCPWBEK2LG202308,39449.85966666667
WA1VWBF72LD013408,55696.87671190476
3C4NJDBB0LT239516,24731.780477777786
5YFBURHE1JP745249,13641.585
1FTEX1EP8LFC05659,37641.82736428572
5XYPG4A51LG693770,31944.336666666662
1C6HJTAG8LL126470,37581.666
1GYKNBRS8HZ119880,23224.08
1FA6P8TH7L5172870,27387.42005714286
1GCRYEED1LZ293948,44935.95336626986
1GNSKHKC9KR140689,38443.637
JTNK4RBEXK3021073,20765.003399999998
W1K2J5JB9LA074234,81246.20433333333
KL4MMDSL9LB110018,25568.322
3MZBPBCMXLM131367,28116.691129004335
1GNSKHKC2LR284618,52129.1845
1C6SRFFT0LN398473,49317.44330402931
3C63RRJL6KG602116,63596.084299999995
JM3KFBCL4H0105524,22763.83986666666
JTHCL5EF8H5029354,38834.566
1G1FJ1R65K0155160,109336.205
ZASPAKBN3L7C75185,46168.882
KL7CJKSBXLB330710,17424.939118298375
55SWF4JB4JU256093,30839.537
5FNYF5H58MB003220,40576.48432864355
KNDMC5C1XM6661211,35636.084
3GCUKSEC6EG316029,16866.264
JM3KFBBM4J0467563,21512.2795
KNDJN2A22J7574383,16691.567
3VWG57BU1LM078987,21789.58707539682
KMHD84LF9LU099377,18707.63663351371
3GNAXJEV9LS600434,22487.32858056945
2LMPJ6K93LBL28767,51815.90642500001
1FMSK7DH2LGC89739,43990.182663095235
LRBFX3SX1LD019797,40081.57809285715
1G1PA5SG8E7195310,8233.738
WDDHF8JB7GB244698,23030.323
5N1DR2MN0KC627917,27499.291866666666
2HGFC2F51JH502840,19307.695
3C4NJDBB0LT209917,29627.229890187587
3N1CN8DV3LL884206,18092.839346825403
1FT7W2B61KEC41033,63524.758833333326
JN1BJ0RR8HM402377,27804.776
1FMJK1KT0KEA28104,46182.091
1GNERHKW3LJ303887,37817.51246837467
WP1AA2A50JLB12223,34039.68
1GTW7AFG6L1254391,61686.16398888886
3LN6L5MU0HR650899,22163.493
1GTG6FEN9M1100246,39241.00110753967
3KPF24ADXLE202871,19764.665399999998
3VV0B7AX0LM163586,29299.492577247747
JH4KC1F5XLC000260,51459.29015
5N1DL0MN7LC538692,45754.7182
1FTEW1E51LFC52078,47751.580034126986
1C3CDFBB6GD624783,12173.485
1C6SRFLTXLN378610,47016.21529444966
1V2LP2CA7MC519915,44872.03581984126
1C4NJRFB2HD195474,19818.1845
1FTEW1E44LKD11509,39247.505765659334
3FA6P0T97HR173435,27413.666
5UXWX7C52BLT78598,16074.885
KL8CC6SAXLC479004,28314.455948412684
1FMSK7FH2LGB47159,41872.45445238095
JM1BPBLM0L1165673,25445.690341269845
3C6UR5DL5LG104631,65679.8634111111
1FTEX1CB4LKD47540,30857.173222222224
1FM5K8AB1LGD08994,40061.195773809515
5NMS2CADXKH087656,18829.395
ZN661YUS5LX346136,80239.20482142855
KL4MMDSL4LB115045,25599.217102380942
4T1G31AK4LU542030,29706.59217142857
1GYKNDRS4HZ214514,31938.131
JF2SH6DC7AH795044,8080.573
JM3KFBEY8L0853873,35680.35847380952
3LN6L5A99HR647886,21604.529
2C4RDGBG4LR231816,29784.221837121204
2GKFLVE30G6212727,20032.758
4T1BD1EB6FU038231,16021.165
NM0LS7E21L1439276,40530.473586831955
1FTEW1C59LFA41942,52347.814807142866
5XXGN4A75FG426387,14551.908
KL8CD6SA2LC479754,27860.741303679646
1GNERJKW8LJ289945,42055.28300000001
KNDEUCAA4M7120450,25929.9165
1FTEW1CP2LFB51068,38188.43362857142
ZACNJBAB4LPL47969,23178.54166428571
1FTFW1RG9JFE71223,37183.26456666667
1FTNE1EW6ADA63589,13305.472
4S3GKAV69L3607206,23288.000849999997
2C3CDXFG0HH529507,21896.936
JM3KFADM0J1388232,20314.225
3GTP9CEK9LG398129,41096.85881428567
4S4BSANC1K3370446,28419.755
5UXKR2C5XE0H33988,14328.161
1GNERFKW8LJ276058,35395.57070714286
3GTU2UEC8FG444673,28175.605
19XFC1F74LE209068,25470.07314253249
WBAVC73528KX90475,6426.707
2C4RC1BG2KR597059,24699.809
1FTER4EH9LLA44812,44920.79607898394
2C4RC1FG0LR264094,40308.31873373014
1FTFW1RGXLFC75195,49014.97254999999
1FT8W3BT7BEC44048,29850.674
1GTG6DE33G1317430,27881.162
1GNSKCE04BR240946,15972.682
1N4AL3AP0HC472577,16265.139
1G1ZB5ST6LF136553,24980.796162698418
1C4PJLLB0LD640491,23573.19323333333
3C6TRVDG2LE127794,48008.99820714285
1C4RJFAG8HC814880,27416.472
1FTEW1E4XLFC83983,48257.534839971195
JM1DKDC72H0163157,14726.41
1GAZG1FG5E1183872,24419.924
2C3CDXGJ3LH202666,45858.18187857141
WDDWF4KB2HR282850,30052.265
1FM5K8D84DGA28875,14552.836
W1KZF8EB3LA827834,62421.209226190476
3C63R3CL8LG232721,65022.88734761905
3FA6P0PU6HR276781,20345.466
2T3BFREV2FW335958,15680.791
JTDEPRAEXLJ022019,23370.46675
1FMJK1MT3LEA37832,75375.3845
1N4BZ1CP1LC304976,39388.511702741715
5NMS23AD1LH272745,25992.360938095248
1G1BE5SM6K7145148,20176.543
3D3HA18H85G820143,15215.799666666668
YV4BR0CL5M1672153,71957.14494999999
3PCAJ5M36LF113346,47287.635360714296
5J6RW2H52LA016517,29245.56122380954
4JGFB8GB0LA272830,106711.11228333335
4T1BF1FK6HU731585,16309.438
1FM5K8GC4LGA32214,51087.507458333326
1FBZX2YM7KKB05314,31159.227
KM8SC73D05U866624,5932.501
SAJAD4FX9JCP26462,24151.75
1FTEW1EP6LFC20728,41983.36499047619
5TDZARFH9KS043659,23491.8682
1C6RR7LG6JS147516,28463.674
5FNRL6H90KB078173,43929.4735
3VWCB7BU1LM066412,20524.157395238097
NM0LS7E22L1472190,40018.26228333334
W1N4N4HB4MJ152551,44557.61374047618
19XFB2F53EE205264,11225.562
1G1ZE5STXHF125733,16990.909
2T1BURHE1EC020191,12069.418
YV1960BW2A1153105,6344.033
3N1AB7AP4HY348987,19043.803
1FTYR10D53PA91554,4211.28
W1N4M4GB3LW015994,41262.956
JTNKARJEXJJ566243,15693.734
2T3BFREV7HW571590,20156.268
KNDMB5C19H6309696,23827.151
1FTEW1E59LKD74100,47963.732077597364
5J6RW1H98LL009928,29193.033999999996
1GNEK13T35R259149,8501.442
4S4BRBKC3D3301993,9084.508
1FTER4FH1LLA35018,42249.934179761905
3VW6T7AU3LM014050,29467.261351190475
1G6AA5RA7G0181038,17305.549
1FMCU0H65LUB12697,39612.799383333324
1N4BL4BV7LC229493,19868.544033333335
1GNSKBKC4HR319129,40780.633
3GNKBJRS7LS693943,40534.735733333335
LRBFXBSA5HD179081,22773.406
1FT7X2B63LEE14498,48720.667144050385
WMWXP5C33H2G60501,16117.767
YV4162UMXM2407486,45205.016107142845
1FTFX1E49LKE53842,47494.11714862914
3FA6P0K9XER323325,9925.392
W1N4N4HB1MJ114369,45008.49657380953
1J4GL58KX6W141344,8151.014
1FA6P8TH1L5129464,30803.200633333337
1J4BA3H18BL529308,21925.284
1GYKNBRS5HZ109064,29914.736
5J6RM4H77GL032418,19717.222
NMTKHMBXXLR113277,24866.616571428567
1G1ZE5ST1HF285306,15688.085
LRBFX3SX7LD156548,43632.69526309522
2G1WT55N181264369,7351.186
1FTEW1EG0JFE73640,30159.209
1C4PJLDB5GW200422,14795.782
3VWCB7BU4LM068512,17404.935844805193
KNAS24J63L6021226,58592.4938
1C4PJMBXXKD298517,25575.452
3VWRZ71K39M170057,5129.936
5XYPG4A58KG559532,19752.98
2GNAXHEV3L6196974,24126.78590595238
MAJ3S2GE7LC331980,21862.869561219322
3GKALMEV0LL132047,30552.18203099176
1FM5K8GC7LGB71429,48336.603
5FRYD3H30HB008828,30017.787
4T1BF1FK4HU757263,19012.305
1V2DR2CA1JC546814,22260.245
YV1102EM9L2374847,42298.97144682538
JM1GL1VM2L1522389,24862.706641269848
1GNEVHKW5JJ107247,32498.918
3C4PDCAB2LT243580,21559.537065873003
1GNEVJKW2LJ226190,47914.54686878957
1J4BA5H18BL520524,21970.433
1C6SRFHT4LN383391,59997.710452380925
JTJDARBZ1L5012676,44854.29475
1C6RREFT2LN405951,42547.57553809522
5NMS33AD3LH236701,28308.68361666666
KM8K2CAA9MU604085,22075.564267460315
JM3KFBCL3H0160482,21735.243
WAUHMAF44LA048426,39865.73196666666
3FA6P0T90LR165041,46462.07591128039
5TDYZRAH6LS027447,42003.057002380934
1FTFX1EF0DKD63059,16834.09
KMHDH6AH6EU028639,10437.398
3C6UR5SL8LG202135,65122.866522680095
5UXZV4C53D0E00844,16244.696
JM3KFABM3L0859561,27210.358696428557
MAJ3S2GE3LC341745,24081.73920162336
4T1B11HK6KU234975,25381.556583333335
1GCHC29638E135467,21226.255
KNMAT2MV4HP537373,16826.909
KNDJP3A54H7501021,15064.375
19XFC2F54HE070264,19395.163
3VWDX7AJ2DM424955,8544.289
3GTU9DED3LG434763,51469.17610000001
3LN6L5LU6LR620025,36429.47096623377
4T1B11HK6JU158351,26891.248833333335
5N1DL0MN1LC505963,50669.10473809524
1N4BL4BV4LC202929,20621.57526666667
WBA8E1G34HNU17532,25128.267
5FNRL6H75KB118942,32159.089085714288
1C6JJTBGXLL196262,52584.824
2C3CDXHG8HH536881,20614.49
2HNYD28458H516995,7607.068
3FA6P0HD8FR224063,15283.132
5GAERBKW1LJ273845,38735.85273452381
3GNCJLSB9LL257537,21923.179534523817
5LM5J7XC2LGL24535,52238.69023786395
7FARW2H99LE006703,32358.3411
1GYKNBRS6HZ243355,29999.322
JM3KFBDM8L0842466,31749.095400793645
1G1ZD5ST7LF132618,23498.004212067754
3GTU9DED9LG435562,58269.33525068534
JTDBL40E09J016189,7877.068
2C4RDGBG3JR244991,29741.825
5N1AT2MT1LC786286,25799.42073530537
1N6AD0ER5KN775431,27868.526
KL4CJESB0JB578864,16629.389
KNDPM3AC4M7866780,25840.510040056033
1HGCV1F17LA114419,27089.902964285742
3C4PDCGG3HT677775,16128.837
1FTPX14V69KC90140,10348.531
3C4PDCAB4LT219152,22346.54066190477
5GAERBKW3LJ279310,38369.671638095235
3VWCB7BUXLM074749,24692.819230142075
1C4RJFBG8LC386672,44171.920020634934
5TFAZ5CN9JX056025,34834.464
3C4NJCBB2KT685952,21610.394
1GTG5CEN5L1118484,32064.011961904765
3VV2B7AXXLM168268,30088.901804761903
1D8GT28K89W542725,9338.95
1GYKNDRS0HZ313525,30869.97
1FTEW1EP0LFB03937,49089.97417976468
1G1ZD5ST0JF106813,18123.482
JTEBU14R968068797,10112.643
3FAHP0JA5AR430989,7410.365
1C6SRFFTXLN359342,54349.52434004335
JTHHA5BC8H5005321,27680.132
1GCGSBEN6L1250107,29293.93725
3HGGK5H42LM725535,17774.79766666667
JN8AY2NC1J9553477,33661.4
5GAKRDED6CJ259898,12616.807
3FA6P0G79LR233328,39792.28501031747
5TDZA23C75S365530,5295.489
5LMJJ2LT1LEL15540,92496.32945833335
1N6AD0ER2KN775614,27381.211
KL4CJESB4LB029218,26177.26748095238
1C6RR7GT0FS624987,24564.407
1C4HJXEN7LW232383,45461.419333333346
58ABK1GG7HU071118,30441.96
1C4RJFAG9EC415049,15289.552
1C6RREHT3LN374013,57835.365
3LN6L5E92LR619740,40197.318804761904
1C4SDJCTXLC432431,49185.8672952381
5NMS53AAXLH249512,38671.78608333333
KMHRC8A31LU022801,19018.03183809524
WBA8A3C57JA494939,26493.387
KNDPBCAC6E7642305,11889.648
4T1M11AK8LU387507,30852.64033882784
1G6KD54YX2U253061,6404.881
1GCRYDED6LZ365012,42775.79532619047
5NPEH4J28LH013544,30887.757616666662
5N1AT2MV1LC800480,28583.64448333333
3GTP9CEK7LG377439,41325.049880952334
KL7CJNSB7LB319231,19698.172404761906
JHLRD68454C013677,4937.661
WAUBEGFF3LA061966,39085.96094880953
2FMPK4K98LBB15830,32895.74447738096
19XFC1F32LE217652,24729.683263492036
3VWCB7BU8LM074183,22968.317634920622
1N4AA6AP9HC403720,20769.619
2C3CCAEG5KH533559,23237.824
1VWBT7A3XEC098409,11582.91
5FNRL6H9XMB008800,41893.195100000004
1C6SRFFT3LN349008,58737.71329761901
1C6HJTAG6LL186554,38048.82396190477
JTMDJREV0GD004754,18220.279
3GCUYDED6LG299295,46168.006
1FMCU0GD9HUE03422,16329.934
JM3KFBCM1L0857750,28382.68796284825
KNAFX4A88F5266053,13305.955
KL4CJCSB4GB574104,15578.856
3N1CN8FV9LL803979,14796.71505
KNAGT4L35G5071336,16087.843
3CZRU6H55LM732716,26384.5702
JTDEPMAE2MJ124502,26220.835336904758
3GCUYEEDXLG433120,39789.0818
WA1LAAF78HD006096,32728.48
KM8J33AL4MU284393,28049.88014707792
2T3RFREV9FW363979,14573.56
KM8J33ALXMU329448,26794.055696428568
2C3CDXBG3KH657575,23108.811
5LMCJ1D92LUL22864,49529.629623809524
1FM5K8D83GGC88706,19843.699
2T1BURHE7JC118734,14935.451
5FNYF6H32MB007364,45990.82499563488
3MW5R1J03L8B15859,46402.90647738096
1C4NJPBA2GD813957,13844.241
JN1AR5EF8BM240318,36788.168
2C4RDGCG3DR651311,10290.138
3CZRU5H1XLM716048,22563.64054007938
1FTFW1RG7LFC66891,50776.86922134157
MAJ3S2GE6LC312420,21012.987076190475
1FTFW1E50LFB54387,48383.35729523811
3VWN57BU7LM076961,20524.157395238097
JM1GL1V52H1152187,18580.908
KM8K2CAA6MU613603,21378.880391666666
1FTER4FH3LLA56274,42216.26317976191
1FTFW1ET8EKG53687,15521.931
3GCUKSEC6EG389188,18740.54
5NMS5CAD9LH258521,28955.14013956043
5LMCJ2C98LUL23119,38445.75645
ZACCJABW0GPC81707,12756.97
1C4RJEAG4LC116155,33268.62577857143
5TFDW5F11KX835399,45469.056
2C3CDXBG1LH195566,26969.107855952385
1FMCU9G61LUB95938,40374.64880992063
3TMDZ5BN0KM061765,38574.686
1FATP8FF5K5204629,41890.35793333333
WAU8SAF84LN005867,121300.394
KL7CJKSB8LB037209,19641.762561993546
1FM5K8GT5HGB85658,35007.193
JTDKN3DU4C1500699,8955.018
2HKRW2H51KH651273,28578.26531904762
1C6RREJTXKN549379,42539.014
KM8K1CAA9MU626008,20848.7862
SALLDVAF8TA979815,15346.886
JM3KFACM1L0866006,26994.79512063496
3FA6P0G78LR222353,39756.26576031747
JN8AY2NC1K9583886,34060.42
2GNALCEK7H1579065,18487.4025
1C6SRFFT6LN391625,46431.28691547619
KMHH55LC3LU139264,27454.35290952381
1N4BL4EV5KC117107,19300.959
1GNFC26J49R234901,12871.917
3VWDB7AJ9HM339986,14210.262
1FMCU9GD0JUA08023,16568.916
JTDP4MCE5MJ059160,26694.222229076466
3C4PDCAB4LT182359,23201.20407698412
WDC0G8EB6LF710150,45172.819
2HGFB2E54CH515508,7719.057
5FNYF6H77GB073951,23410.795
2G1WT55N189282002,4603.173
3GCUKREC6FG269885,28961.056
3FA6P0HD2LR258608,21934.653812697918
1N4BZ1CP6KC309654,32539.593666666668
1G1ZE5ST2HF167989,17216.873
1FM5K8DH3JGC04651,31193.917
1FTEW1EP8LFB31002,43856.9
1C3LC66K48N218624,5425.047
3VV0B7AX1JM069892,22164.488
SALZT2GX7LH101631,51442.39241666667
3C6UR5CL2LG147146,66387.10146886448
KL4MMDS28LB126055,24862.654694019857
1C6JJTBG2LL214690,52584.824
1C6SRFKT3KN563601,43122.737766666665
1FTEW1E44LFB80350,47716.134007319044
5XYPGDA32LG669489,26550.90905
1C3CCCAB7FN726136,12013.51
JF2SJAGC3JH581588,20957.939
KL7CJLSB6GB762528,15695.311
2C3CDZAG8LH199157,28081.053760317456
1G1ZB5ST1HF284861,15239.562
5N1AZ2BS2LN105016,29097.442714285713
3C63R3JL2LG212161,64014.065818109666
1V2TR2CA1MC525865,42841.37339642858
WBA3A5G5XFNS91821,21352.66
5J8TC2H62LL018156,44816.07913690477
KM8J3CAL8MU301759,29395.813483333328
JM1GL1VM5L1521429,24631.177189285707
NM0LS7E27L1454123,40385.97879673383
5GAERBKWXLJ117805,32590.558774711408
KL7CJPSB0JB726820,18065.961
JN1BJ1CW6LW372667,26990.574300000004
3KPA24AD3LE322280,15061.481202380954
1FMCU0G6XLUA24665,40076.189516666665
5FNYF6H50MB020874,40953.42520436507
1FMCU0GX0FUA38328,13023.843
1C6HJTFG6LL206410,41891.870083333335
5FNYF5H57MB004231,37785.02627142856
1FMJK2AT9LEA65676,63045.01703095239
5TDYK3DC2FS559591,16319.207
3GNCJKSBXLL188707,20583.21355
1GKKNRLA7HZ259745,24286.167
3GNAL2EK7ES600281,12321.851
WA1AECF38L1113292,37183.6895
LRBFX1SA8LD048407,33997.855220238096
2T2HZMAA0LC178200,53680.57425
3TMDZ5BN7HM021823,36431.409
KNDEUCA28M7062657,28014.952433333336
WDD3G4FB0LW038750,38927.29525
WP1AE2A28HLA74390,27757.553
JF2GTHSC8MH209765,30283.30558429346
JTHBE1BL9E5029593,19166.709
KL8CB6SA7MC704192,27933.66658145743
4T1B11HK9JU100802,20764.142
5NPD84LF7LH606663,22552.6704936508
WBS4Y9C01LFJ78875,59861.85713333333
5FNRL6H74MB007737,40569.97276287879
1FM5K8HC7LGA89991,48711.911125
5N1AZ2MGXHN178733,23158.582
5TDBBRCH3LS500342,41481.90838968254
3MZBN1V7XHM135126,18899.77007142857
3CZRU6H52LM731443,26365.557033333327
KMHDN46D75U147402,6969.745
1GYFZER42LF150514,46130.225399999996
1GNSCCKC9JR117802,49765.016
1VWCA7A37LC009340,23095.06372051282
1GC5YLE77LF316843,60803.91974505495
JF2GTABC0M8212067,25564.405439682556
1GCVKREC8HZ390635,30723.125
WDDGF8BB2BR147368,10720.301
5XYP5DHC3MG116833,44346.61188510098
WBAJA5C35HG897613,32068.829
1FM5K8GT9KGB26264,34903.07
1C4RJFBG6LC396469,41627.26959999999
2C3CDXHGXLH190342,30004.97787142858
5J8TB3H51HL019662,23702.148
KM8J3CA48HU526536,18355.602
WBA7T2C03MCE92945,89991.52790476191
1FTEW1E4XLKF14016,48993.95755735928
4T1B21HK4JU005089,25326.755833333336
5YJSA1CN1DFP05500,16165.556
5NPE24AF7FH085201,10632.317
3GKALTEV6LL336149,33292.2276370076
1FMCU9BZ8LUB90012,40891.96684974747
2FMPK4AP6KBC74408,39249.36
JN1EV7AP7KM542125,35468.616
JN1BV7AP2FM355738,16018.841
1C6SRFBT1LN417098,40758.44929999999
4S4WMARD2M3408042,44690.84216666666
1FTER4FH2LLA45282,42880.91841785714
JN8AZ2NEXL9254197,75184.51038095239
JTEBU5JR5K5661144,35790.336
WBAPM5C56BE576878,13391.367
KNADM4A3XG6547044,16343.934
3N1CP5DV5LL533502,20852.108107142863
3GNKBJRS8LS721118,39486.72222738096
1G1JA6SH8D4189107,7592.465
1C4NJDEB6HD191786,20606.655
5YFBURHEXKP874978,16021.004
3VWG57AU6LM012694,19760.988441378046
JTEBU5JR8J5500303,28605.52
JN8AZ2NE5K9232302,43374.806
3VWCB7BU9LM075522,24692.819230142075
5FNYF6H03MB000123,47660.42819999999
1FA6P8TH4L5171451,30908.54596666667
1C4RJFBG3EC376456,18031.485
3KPFL4A7XJE224227,13340.55
KNDJN2A21F7772122,10197.59
4T1G11AKXLU988169,30243.709898809528
JN1AZ0CP0CT025084,12530.077
1FMCU9G6XLUB04729,40304.2508765873
1HGCV3F10LA016599,29676.07395238095
1GNSKJKC4LR123565,73225.01416666668
1FMSK8DH9LGC39071,42818.78090436508
W1K3G4FB0LJ222664,37823.57975
KM8J33AL2MU325443,27230.17267445887
3FA6P0HD6LR169043,22272.068376190477
1C6RR6GTXLS138872,43898.973474999984
3VWCB7BU7LM046715,24692.819230142075
3N1AB7AP0DL656567,11397.538
1C4PJLDB0KD415999,20255.798
WAUBJAFM4BA128922,10620.509
LRBFXBSA2LD112785,34201.44709761904
1GCHSCE37G1378127,23869.753
1HGCR2F15HA175687,19043.161
3D4PH6FG0BT515314,9428.762
3GSCL53729S632650,8705.096
ZACNJAAB0LPL85743,19724.453704761905
1HGCV1F30LA125800,26432.664833333336
WBA4Z1C57JEC59352,25834.043
1FTEW1C50LFB05494,39450.71602777777
JM3KFBBM9L1796109,31293.860523051968
5GAERBKW4LJ262371,38369.671638095235
1FMCU9G66LUA85578,39275.445422319994
1C6SRFMT8LN382721,46163.816
KL7CJNSB5LB333337,18777.34733809524
3VWN57BU5LM060158,24692.819230142075
JN8AZ2NE1K9231132,46624.738
JF2SJAFC7GH455177,15576.925
2GNALCEK4G1137116,13298.006
1HGCR2F30HA128486,16672.633
1GKKNULS2KZ262412,31506.236
1VWCA7A30LC022298,25603.374217548582
JM3KFBCM5L0810477,28382.68796284825
2T2HZMDA1LC243812,52943.65480952381
1G4GF5G38FF198077,16969.505
3GNAXKEV0LL283904,22747.449027380942
JA4AT5AAXLZ037339,31037.287468253955
5XYZUDLB2JG507199,20331.51
1FTEW1E45LFC53161,47716.134007319044
3G1BE6SM0JS547561,20379.685
3GKALPEVXJL368106,19731.39
5XYPKDA52HG232390,26726.373
1HGCP2F86BA034329,7987.392
1C4RDHDG2LC441634,37228.855757142854
MAJ6S3GL5LC369290,21802.03869285713
WBA8E5G33HNU43417,21993.575
1GCPYBEH1LZ305895,32185.79308888889
5YFBURHE2JP783167,14930.263
1C4PJMDB1GW120170,19503.698
1FMCU9GD9HUD77649,17058.737
2C3CCAAG0KH755934,32111.815471428574
1C4PJLLB7KD469978,24902.562335714283
5N1AT2MV4KC796343,24253.358
5LMCJ2C93LUL13128,39095.7402
1FA6P8TH6J5165373,26999.366
JTJBM7FX2J5188225,38351.542
4T1G11AK5LU978262,30852.64033882784
1GNSKJKJ1LR182832,77237.61241666666
5XXG24J21MG009732,29887.314683333334
1V2WR2CA0KC535331,23124.332
19XFC1F39LE005766,23075.52046666667
1G1BC5SM6J7228194,23891.277
5GAEVCKW7LJ296760,55583.58226190476
4S4BSANC2K3282666,29722.432
WA1LJAF70LD012774,59438.352366666666
1FA6P8CF6L5175970,40155.11963928572
WBA7U2C04LGJ59445,110468.39
2T3H1RFV9LW098081,31691.448443048605
3VW5T7AJ7HM309192,20069.592
1GCGTDEN3J1106486,33604.222
2G1WN151369242520,5861.355
JHMFA168X6S001971,3084.563
JTJGJRDZ4L5007918,38431.83157023811
KL7CJKSB4LB315068,19233.09775
SALCP2FX0KH794813,28813.099
1FADP3F26EL339431,9958.555
1FMSK8FH3LGC87341,40377.08753690476
5NPE34AF1GH382611,15629.895
3KPF24ADXLE245946,21756.885050000004
1C4HJXEN6MW520204,51069.66947619048
4S4BTGKD3L3259377,39027.848814285746
3GCUYEED7LG424844,49491.349381709944
3N1AB7AP2HY360717,17342.449
JF2SJAWC5JH602457,21749.026
1C4HJXDG1LW329629,47523.6780281746
1GTV2MEC3HZ368187,35295.354
2GKFLUE3XH6218742,20714.218
3VW2B7AJ2HM303872,12588.646
5LM5J7XC6LGL28247,52238.69023786395
1FTEX1CP8LKE54280,41671.99975674603
5J6RM4H58EL078514,15196.898
WP1AG2A56HLB51035,42923.595
1N6BA1F4XGN507066,25783.92
ZACNJAAB8LPL45815,18806.215259523804
3N1AB7AP5EY280372,12966.768
LRBFX2SA4LD164855,34057.338154761914
1GCVKREC4HZ220563,33062.74
SHHFK7H58JU403724,19349.088
YV4162UM7L2347911,43846.902797619005
2C4RDGCG4KR580536,17690.135
WZ1DB4C06LW027558,44005.2265533189
3TMAZ5CN3JM067737,36943.38
5TDHBRCH9LS505667,41578.70231904762
WA1BNAFY2J2026208,29247.221
2GNAXKEV5L6185813,22747.449027380942
JTMW1RFV5LD059248,31691.448443048605
1FMZU77KW5UB64696,5936.371
1GCES14H46B123836,24778.2
1LN6L9TK9H5612002,29751.729
3GNCJPSB5LL221402,21458.57994166666
JTHY3JBH4K2015576,25756.749
NM0LE7E22L1475310,40316.61313333333
3N1AB8CV9LY205463,19908.710466666667
3GNCJPSB4LL232522,22658.028985714278
JTJHZKFA7L2027092,55580.40776666666
1GC1KVEG1JF264845,32558.111
3C4NJCBB5MT505348,27499.22703939395
2G1WX12K639270542,2702.698
2HGFC2F65LH565984,21758.39578571428
JM3KFBDM3L0825932,31756.05380000001
1GTP9EEL3KZ146086,52939.9258
5J6RE48339L051240,6909.374
1HGCV1F12LA090448,25534.92668122432
1HGCR2F33HA279726,16788.83
3FADP4AJ9HM144723,11846.529
JTEBU5JR1L5830559,40079.25238571429
1GNSCHKC6JR269503,43544.231
5BZAF0AA4LN851638,46572.56439927021
19UUB1F39LA016068,34983.386085714286
3FA6P0RU5KR227219,30996.889857142858
1C6SRFFT7LN420890,40949.25720873014
3N6CM0KN7LK703213,23125.090325108227
5UXWZ7C39H0X43135,27896.897
1FMCU0G6XLUB61668,40131.28666666667
1C4PJLCB1LD629600,22549.256328571435
KM8J33A40MU296663,26728.332583333333
JTDEAMDE7MJ006331,25800.232923851137
5J6RM4H32CL017137,12009.629
WD4FF1CD1KT011433,38495.681
KNAFK4A6XG5478127,13935.218
3C4NJDAB7KT728060,23185.215
5FNYF18515B068064,4578.093
3GCPWCED8LG393143,45307.08529999999
1G6DE5E52C0101326,11295.467
3VV1B7AX6LM153200,24763.030660620927
1GKKNXLS3LZ213609,47990.107719047606
NM0LS7DN3CT123703,11255.652
KNDEU2AAXM7122732,22964.368401190473
KNDPMCAC9L7726352,23640.429419047618
1G4PP5SK4D4208544,11192.087
3N1CP5CV2LL533782,21957.96503373016
1C4RJFLG4LC396243,37794.622235714276
JTHCF1D23E5007479,14152.613
1FMCU9J99EUA23288,12404.646
2C4RC1EG5LR241993,40111.30575595237
JF2GTAEC2M8211238,26431.550083333335
1C4RJFAG3LC371871,44595.12324642857
3GKALPEX0LL321526,33647.45355833333
KL4MMBS20LB102093,24151.702311580088
3VW2B7AJ5JM246167,14295.032
1V21E2CA6LC216409,43522.6564797619
4T1C11AKXLU974612,30892.155000000002
5GAEVBKW9LJ287746,44206.8338888889
5FNRL6H75LB059540,44047.38153809524
3GCUYHEL7KG286150,74315.28581785715
7FART6H57LE014957,34409.408143253975
1GKS2HKJ6LR121515,76676.444
JM3KFADM3L0823737,30697.80048167387
5N1DL0MNXLC541666,47697.87185
1C6JJTBG7LL155278,50503.375
1GYFZDR43LF141282,48100.35825
WDC0G4KB7HV008977,33086.736
2FMPK4J88GBB47093,19900.018
3LN6L5HC4HR665052,31330.839
1GCRWBEK2LZ339662,39688.4594095238
1N4AL21E09N534901,7785.6
2GKALMEK7H6340475,18005.406
1HGCV3F47LA014620,29660.788957142853
5LMCJ1C91LUL30178,41058.151950000014
5GAERBKW2LJ149924,43963.842384645905
4T1C11AK1LU959724,30200.34931547619
3CZRU6H1XLM730893,25333.41271666667
1GYKPDRS4LZ212863,60601.42942063491
3LN6L5F91LR616276,45683.34637503605
KM8K33A5XKU274163,22003.773616666665
5J8YD4H53LL027261,53398.437
1FMCU0F70KUB19518,19139.684833333333
1FMJU1J59AEA70735,13171.61
2HKRW1H23LH405505,28595.67883333333
1FAHP2D81FG124424,15829.207
5N1AT2MTXLC732761,23416.22970844433
4T1BF1FK0HU434862,16767.269
4T4BF1FK2ER347434,11318.524
SALWV2FV6HA162756,53702.922
ZAM57XSA8F1148847,37447.995
5J6RW2H91LL005922,31325.170298201778
4S3GTAA69L1733192,23705.73921666667
1C4BJWEG2DL685430,28128.112
3FA6P0HD0LR145207,21424.106854365076
5NMSK4AG6AH370019,8860.168
1GYFZFR42LF125733,49252.227166666664
1GYKNCRS5LZ150566,54769.407
4T1B11HK6JU031518,25069.332
3GKALMEV9LL182297,30627.53493928571
W1N0G8EBXLF855996,48721.021466666665
3N1CN8DVXLL903317,16767.625307142862
3GNAXUEV8LL331693,28578.476734762564
2HGFG3B86DH526999,10501.411
JN8AT2MVXHW001778,18177.13
5YFEPMAE4MP150613,26609.582344444443
2HGFC2F62LH562962,21685.329691666662
5FNYF3H81AB012187,8662.579
3GTP9EEL2LG408973,62227.30531497109
2C4RC1BG9DR604155,7109.352
ML32A3HJ9LH006392,18199.110542857146
KM8K12AA7LU593597,19710.85865
1C4RJFBG8FC814888,25428.416
KMHCT4AE7DU295419,8758.096
1VWBT7A39GC010193,12551.588
JF2SJABC7FH475837,17895.429
1FM5K8GT0HGB29465,29795.517
1FM5K7DHXHGB62547,20686.226
JN8AY2NC1LX517688,50704.12275000001
5UXCR4C00L9D00984,66428.27643333333
4S4BTGKD1L3237717,37877.02963333336
5UXKR0C38H0X77086,36546.297
1C4RDJAGXKC743991,30782.99025
3FA6P0LU1LR245307,36659.93177380952
5UXFA135X4LU22056,5859.649
2GNALBEK0G1120064,13352.933
2T3BK31V59W010899,9966.202
1GCVKREC9JZ195360,41792.66728250637
1C4PJMAK9CW199375,11159.232
2LMPJ9JP7KBL16377,37520.763
3LN6L5MU4HR650890,27007.523
5FNRL5H94DB080988,14804.104
1FMJU1HT6LEA43595,58716.63830158728
1GNSKSKD0MR125507,62746.193644841216
3C4PDCAB6LT201946,20031.973814285717
2GKALNEK7H6332561,22894.837
2GNALBEK0E6333175,12403.66
1GYKNGRSXLZ193159,52273.3
1GKS2HKJ5LR200996,55970.52475
3GCUYEETXLG404997,53430.0865
1C4PJLDB2KD302393,19742.693
1GCRYEED0LZ312294,49829.41539217171
3N1CN7AP0KL832269,13707.770222222221
1N4AL2APXCC179241,7614.776
3C4PDCDGXCT159272,8988.354
JM3TCBCY2J0212277,26123.59
3HGGK5H88LM724151,19815.12466666666
KL8CB6SA0MC703482,28404.390440331877
6N1AZ2MH7HN143964,22897.596
WMWSV3C53BTY12233,7693.166
WP1AA2AY5LDA09824,83299.18615079367
4T1BF1FK6HU799403,15490.923
2GNFLGEK9F6414020,13104.591
LRBFX4SX6LD158765,38809.15616135533
1GCRWDED3LZ352157,39825.10531666666
4T1M11AK7LU385232,29735.177676190477
1FMSK8FH7LGA02916,42281.119869047616
1FA6P8CF2L5170412,43256.63194444444
JF2SJAGC4HH511141,19022.042
KL79MRSL6MB014063,26248.58003333333
2T2ZK1BA0BC062578,10832.191
1C6RR6LM8GS223746,22368.932
3VWC57BUXKM143915,14772.134
WP0CB2A8XKS228960,71023.37866666666
4T1B11HK3JU069420,21560.13
JF2SKAXC8LH439687,31283.47975
KMHDH6AE0DU006317,7911.444
3FA6P0HD8JR196225,16590.755
1N4AL3AP5HC170640,13906.965
1FT8W3B68HEB71209,40184.86
SALYM2RV8JA723729,41802.512
1GYKNDRSXHZ181003,22009.712
KM8J33AL6LU215400,22737.692423809523
KL79MUSL8MB025973,27199.62635
1GNERFKW4LJ280642,33512.991110714276
WVWKR7AU6HW953653,24236.658
1N4BL4BV4LC272706,21222.66028015873
5NPD84LF9LH517824,20213.41595345489
JM3KFBCM6L1860346,28647.10782648462
JTHBK1EGXC2498777,11681.298
2LMPJ6J98LBL14249,44273.18439285712
5TFEY5F13LX271089,45846.6876690476
3N1AB7AP1JY315466,14957.791
1C6SRFCT8LN120988,43379.83996666667
SALCT2FX9LH870347,43120.79784642856
JN8AZ1MU8AW021164,8388.943
KNDMC5C17M6667922,41952.954124242424
3VWD17AJ2FM281560,9552.149
3KPF24AD5LE255607,18687.740372222223
JTJHW31U382053776,9406.649
5N1DL0MM5HC555201,30110.947
1GKEV23D59J171985,7750.711
1HGCV1F12JA076479,22863.435
3C63R3EL0LG247484,66387.10146886448
3GYFNEE39FS566620,16860.295
LVY102MK6KP079091,38447.98463333333
5N1AZ2BJ9LN163695,28711.287674603165
5TDZY68A38S005587,17438.346
1C6SRFFM7LN249972,47651.44443333334
3C4PDCAB9HT545746,15391.878166666665
KNDETCA2XM7128161,27217.332524999998
1C4NJRBB9GD579577,11180.82
3GNCJNSB7LL309307,19628.392694047638
1VWBS7A32GC014721,14828.785
1FTEW1CM8DKD11047,15963.472
3N1CN8DV4LL885302,16767.625307142862
KL7CJPSB1HB171497,16244.972
2GNAXJEV5J6348175,21404.671
3C6UR5CLXLG114962,64715.21541666667
1GYKNDRS1LZ232445,60209.92129761903
1GNSKHKCXLR179809,60357.6765
1HGCV3F18LA016558,30499.09230952381
1GCVKREC0JZ239018,35861.547
1FTEW1EG9FFA02321,22870.692
1N4AZ1BP5LC307103,38895.75340476191
2B3CJ5DT1BH575607,23570.251
YV4A22PK6K1417151,42358.518
JM3KFABM7L0861930,27718.50229989176
1FAHP2E82HG146630,23361.466
WDDWK8HB8JF627865,56783.42
3VW5T7AU4LM013601,30528.653666666665
SALZJ2FX3LH041614,47411.165
1G11C5SA4GF114291,16667.407
1G1FH3D76K0138861,41132.77593333333
3FA6P0HD6LR250463,21934.653812697918
1GNEVNKW8LJ259640,47914.54686878957
3FA6P0HD3LR261436,22620.986162823283
JM1GL1VM6K1500135,20668.805
3GTU9CED7LG390292,46975.72130714286
JF1GV8J68CL002928,21023.012
5J8TB3H72JL002781,31622.091333333334
KL7CJLSB0LB034763,19931.006567063498
1C4HJXEN0LW115910,47900.19694642859
1FTEW1E49LKE57761,48843.33219812411
1C4BJWDG2DL615914,25499.322
2GNAXKEV4L6273753,26881.55784438618
1FT7X2B65BEC96260,26672.288
3KPA24AD0LE334032,16114.113150000001
WAUYGAFC3DN073102,16078.572
19UDE2F77LA007871,27524.353091666664
1C4GJXAN8LW337614,39278.05978333333
1GNSKDKD4MR132228,67758.51154404761
YV4A22PLXK1415850,46302.104
1C6SRFJT8LN417939,54349.52434004335
1FTEW1EP1LKE62088,46432.90916666668
5NMS53AD9LH263198,36327.77217777777
2FMDK3J93DBC29265,13489.896
JF2SKADC1LH596417,27616.495162121202
3A4FY48B47T554973,6473.886
3GTU2NEC3GG362700,38471.315
2GKALPEK5H6289205,20557.299
3CZRU6H54LM723957,26384.5702
1FTEW1EPXLKE04545,46885.66016666666
KL4CJASB8JB514838,18193.454
3C6TRVDG7LE114538,48407.86947380952
5N1DL0MM6HC505858,30113.977
3GNCJKSB0LL273796,17464.26
SCFSMGAW3LGN04967,174511.88266666664
1C6HJTAG2LL128120,39251.927
2G2WR554961236799,7472.752
1GKKNKLA8JZ238030,23226.765333333333
2T2HK31U27C001565,8250.567
1C4RJFCG9LC418401,48368.71221904763
1V2JP2CA2MC525824,43396.09058809524
5UXFA93524LE81202,11957.777
1C4PJLCB1KD479499,20656.958304761905
1FTEW1E4CLKF13920,48843.33219812411
1FMHK7B80CGA00404,9209.041
1G1ZD5ST1LF157286,24642.93126870929
1FTEW1E49LFB99301,47716.134007319044
1GKS2DKL2MR130157,81829.62602976196
19XFC2F83LE027117,22768.203585714284
3GNCJKSBXLL298415,18756.756500668773
1FMZU73K65ZA17451,15095.39355
1FTFW1R61BFA30100,31071.335
1HGCR2F53GA072219,17278.725
2C3CCAGG9KH586097,23711.42
WA1AAAF77HD011006,38503.971
WAUGFAFR5AA049180,9268.606
3GNCJLSB3LL309356,20443.452142857157
1FTEW1CP2LKF32443,39358.808280483405
1C4RDHDG8KC684380,30555.798
5TDDKRFH2FS139811,22971.917
KL8CD6SAXLC430494,27378.60772402597
1N4BL4BVXLC277764,20250.40338248002
2T3DFREVXHW641169,21798.747
WBS6C9C50FD467653,65023.06
1FM5K8GC6LGC91741,51949.78785175282
2C4RDGBG4LR228012,27173.88653019481
JN8AY2NC7K9580846,41424.736
JTDEAMDE7MJ005972,26134.419136904762
2C3CDXBG3LH214277,25120.15956071428
1HGCR3F88DA022685,15002.613
5FNYF4H98EB032473,14591.66
4JGFF5KE6LA263845,88243.803
2GNAXKEVXL6113456,20627.774
1FM5K8F86JGB10776,30784.838
1C4SDJCT8LC394875,52966.77933214286
5N1AZ2MG7JN105082,18743.425
3GCUYGED0LG435213,58269.33525068534
1GCPYFED3LZ350292,49388.08732989507
2GKALSEK6F6198962,13882.317
1FADP3K27EL110164,12158.246
2C3CDZAG8LH211050,26622.947410317473
3TMAZ5CN7KM105987,38535.034
1GNERFKW9LJ222154,35977.54207936508
1GCPYCEF9LZ356792,46253.44220238095
1FTEW1EG0FKE98813,29340.057
5NMSG13D27H100166,5680.704
KL79MUSL5MB031942,29870.739399711416
1C4PJMDBXGW335594,15022.741
1FMCU0G61LUB47805,38417.129476675815
WBAUN7C51BVM25216,19331.735
1G4GB5G35GF156110,19827.927
4S3BMDK62B2241023,8238.936
LRBFX3SX8LD168661,40409.68092142857
3GCNYAEF7LG231351,46139.05492738095
1GNSCNKD9MR142028,66830.5183392857
5XXGN4A76FG503204,16448.252
JN1EV7AR1LM256970,43857.3026
KM8K12AA7MU634649,23066.238624603167
3VWD17AJXFM216794,11921.833
1FTEW1EP9LFC19797,41309.878
2T1BURHE0KC158543,17148.956
3C4NJDBB7LT165348,28340.55866958879
1FTEW1EP7LFC27607,45789.881
1N6AA1ED6LN510747,49737.714472619016
JTHBJ46G492277901,9665.244
ZACCJBBB4HPE79419,19749.555
1GT12ZE89FF613807,37033.962
1FM5K8F88EGB43607,17991.4
1C4HJXDG6LW240803,43446.440705952366
1C6RR6TT1KS694265,34423.477
1HGCV1F38JA229688,23623.744
KL7CJLSB3LB034997,20413.15654695024
1HGCV1F35LA124707,25362.92209404763
5J8YD3H56LL010366,50087.182584127004
1FTEW1EG8JFA54502,35924.298
1FTER4EH4LLA40781,43355.09369642857
KNAFX4A64G5541580,14858.857800000002
5N1AZ2BJ2LN104827,25935.881233333326
1G1ZB5ST5LF152100,23203.353488953348
1GNSKBKC2LR204585,52842.10624444444
3GTU2PEC5HG189839,37886.155
1FAHP2KT3FG177522,22267.657
2GKFLTEK6G6339560,23371.881
1GCUYDED1LZ323910,44187.3727968254
1C3CDZAB6CN286194,8134.066
WAUU2AF25KN118705,69449.12145714286
1FMJU1HT9LEA06119,55374.77329523809
3KPA24AD4LE321316,17390.92585238095
1GTV2VECXEZ329615,15678.658
3N1AB8CV6LY236914,19932.474185714287
WMWZG3C58BTY35726,7670.238
JM1BL1VGXB1380859,9031.015
WA1ANAFY6L2065320,50070.216
1C4PJMDN8LD580474,32742.120066666666
JF2GTAEC0MH219550,25833.7772857143
JN1BV7AP9EM672236,17936.7
5NMS23AD9LH164244,19090.524
1FMSK7DH6LGA10647,40693.41706428572
5J6RW2H20LL001797,29245.56122380954
3GNCJKSB2LL318589,18407.77462251914
3GNAXHEV1LS719300,26083.326619047613
KL4MMDSL6LB120327,24850.198612698412
5TDJGRFH2KS066941,27500.166
1N4BL3AP2DC131065,12667.424
3C4NJCBB9KT736735,25426.19155476191
1C4PJLCB9HW596101,18279.215
1G1FB1RS9H0162373,26684.239
5TDYZRAH0LS027167,37578.98058333332
5LMCJ2D99LUL22902,53742.380633333334
1GYKPGRS3LZ151717,65013.64513293648
WDC0G4KB4HV004627,31994.245
1FMCU0G67LUC00104,36763.55641428568
SALWR2FV4HA142042,49723.064
1FADP3F25DL363766,15822.009699999999
1LN6L9RP8L5600905,65243.64054285714
2B3KA43G28H299277,15865.723
4JGFB4KB3LA238249,60641.113797619044
2HGFC2F84LH572278,23381.73209166667
YV1LS5547W2438232,3646.953
1HGCS1B35CA012892,13138.163
1C4PJMBX0LD578495,30792.12
5TDYK3DC8GS691417,17094.718
W1KXJ8GB3LA050283,140652.4535
1GCRKSE73DZ311328,24538.321
1N4AL3AP4FN348118,12743.126
W1KUG8DB3LA562504,120312.3465
W1KWF6EB6LR585260,58965.979
3CZRU6H56LM726438,27295.06375
5YFBURHE6GP432951,12326.925
5TDGZRBH3LS051800,42129.67307738095
1FTFW1EGXGFC54178,25575.329
LYV402TK7JB168507,31462.23
3FA6P0G79LR261582,39705.06054157509
1HGEM22901L019232,4600.407
5NPD74LF0LH610962,18021.330026190473
4S4BSABC1K3383671,27743.48
2LMPJ8KP7LBL22321,56579.4536
3GTU9BEDXLG414076,47754.07312142857
1FMCU0G63LUB94317,38417.129476675815
5N1DR2MM8HC651883,30014.739866666667
4T1M11AK4LU967465,30380.34238686869
4S4BRBKCXA3373818,10753.052
JM3KFADM0L1837685,27210.358696428557
KNDJ23AU3L7052493,19827.324983333332
1N4BL4CV1LC273746,24999.156909523816
3FA6P0HD5LR187839,19882.031333333332
1HGCR6F36EA004970,11080.784
5TDGZRBH5LS521115,42061.92885952379
3FADP4EJ7GM188437,9245.409
1V2ER2CA7MC509131,40930.35807142856
LRBFX2SA3LD158030,33005.05207954545
1FTEX1EB0LFC27708,45288.48775
KL4MMCSL4LB111720,29731.789848809516
1C3BC2EB1BN532535,7438.73
JF2SJGWCXHH477291,24327.709
JH4KC1F96FC000635,14015.446
1G1ZD5ST2LF140822,24642.93126870929
3GCUYBEF2LG382602,47077.31787976191
3FA6P0HD2LR143572,21503.860833333332
KM8J33A46LU231704,24229.1875
KNDJP3A53J7597150,13294.846
KNDJ23AU4L7109655,18969.62108333333
3VV3B7AXXLM163592,23536.220470238102
1V2WR2CA6MC526670,40087.441732142834
3LN6L5A92HR655148,20460.742
1N4AL3AP2JC133003,13838.867
1C6RR7MT8HS650485,34037.466
5TFRZ5CN4KX073061,37399.348480555556
1C4PJMDB0HW636764,18264.05
WP0AB2Y17LSA50333,37266.091433333335
3C63RRJLXLG293042,64271.92814523809
3N1AB8CV1LY254382,20552.511538095245
KM8J3CA26HU430600,19027.617
1FMSK7FH9LGC21225,43395.67933214286
1FTER4EH0LLA66164,43762.248227380944
JF1SG63676H752186,4607.756
JTLKT324754016217,5036.947
MAJ6S3GL6LC312161,24707.35142857143
1FMJU1KT5JEA69353,45553.098399999995
JN8AT2MV4LW102565,25693.975771428573
1GCRWCED1KZ213346,41505.2785
5J6RW2H58HL007347,20342.531
1GCUYBEF3LZ276868,46123.74783571431
1C6HJTAG0LL187747,37815.636628571425
1FTEW1CP5LFB53994,37298.27433077199
1FTEW1EG6HKE43608,40202.803
3GNCJLSBXKL376390,17649.10645
WP1AA2A29CLA00285,13433.375
2T2BZMCA5HC055017,30467.864
1GNERGKW7LJ260505,33512.991110714276
KNAFK4A65G5614180,13810.07
1GCUYDED4KZ131539,33338.075
3HGGK5H42LM722568,17987.15246190476
4T1BE46K29U376811,7428.356
4T1C11AK5LU380669,30200.34931547619
1C4RJEBM6GC314696,28162.581
KL4CJASB4LB019118,19663.892909523795
JN1BJ1CPXHW035712,17532.177
1FT7W2BT9LEE61916,48727.278364288475
1GC1KYCG7BF165436,29376.633
JTDKAMFU8M3129101,27162.082559898434
3GKALTEV5LL313994,34179.43023968254
5LMCJ1C98LUL26757,38729.96785
1FTEW1E50LFB61481,63293.4601
KNDPCCAC3F7677852,16483.447
1C4HJXDG3LW291143,41737.53641666667
JA4AD2A37KZ004987,25107.318516666666
JF2SKAUC7LH593120,34613.59400357143
5TDYK3DC5FS578863,19833.624
1GNERKKW6LJ292784,40564.54964444442
1FBZX2ZM3HKA66762,24384.477
3GCUYEED8LG387013,45143.32483351373
KL4MMFSL9LB110533,25061.3674
LVY992MK9JP032046,46982.269
YV4102PK2L1580094,55573.60447261905
KL7CJLSB3LB012014,20413.15654695024
2T3BFREV8HW689325,18507.707
NM0LS7E27L1472380,40462.46496746032
1FTEW1E55LKE57569,43048.712766666664
1FTEW1E52LFC01236,51635.46039404762
3VV2B7AX5KM064964,25200.614
3GKALSEX4LL325128,33647.45355833333
55SWF4KB1HU199862,36778.989
1FTEW1E41LKE74604,45508.70797380952
19XFC2F65LE006042,21233.77229992926
2GNFLGEK3H6263534,25505.292
5XYPGDA50HG234236,21262.97
3VWFP7AT8EM620426,14200.382
KNAFK5A84H5715168,17223.7055
5NPEB4AC1EH921203,11893.948
1YVHZ8CH8A5M16952,8380.701
3FADP4EJ6HM152613,13050.456
3VWCB7BU5LM072830,21865.31467460317
WA1ANAFY3L2106633,48848.11116666666
4T1B11HK7KU197225,23942.077
5NPEU46F46H018140,7262.616
5TDBZRBH9LS517952,44538.72604166666
3GCNYAEF2LG231872,35186.25696666667
1FA6P8CF6J5128161,37564.21785
5TDKZ3DC8LS079164,36482.85291706347
1G4HP57206U203308,7101.646
2GNFLFEK7G6161744,19750.491
1FTEW1E4XLKE20282,54548.57679440139
2C3CDZBT2LH191857,38366.640589652015
3CZRU6H50LM713524,27295.06375
JF2SJALC6JH592607,18097.841
5FNRL6H76LB073415,37132.12668809524
1G6AW5SXXH0166129,28979.365
4S4BTGPDXL3240155,39660.0274071429
5N1AN0NW8FN657641,23152.967
5NPEU46C89H419023,7367.125
1C4HJXDG9LW250273,49032.85181904761
5NPD84LF1JH235822,15047.255
2T2BZMCA9KC210501,51207.358
5TDHBRCHXLS512983,38883.3849
1N4BL4BW8LC253097,24379.05730357143
JN1BJ1CP8KW238878,20852.4595
5N1AR2MM7DC622968,13208.534
1VWCN7A30DC139563,13713.916
1GKER13D19J113306,6761.554
1FTEW1E41LFC06628,63390.85927142855
JM1GJ1U61F1163548,10234.261
4T1BF1FK8EU849116,14791.399
3HGGK5H4XLM722768,18081.487988095236
2HGFC2F55HH552795,18650.904
1FTFW1E40LKE39833,46936.14138571428
3MYDLBYVXLY715979,17755.583166666664
1GCHSBEAXL1247745,30241.09595
WAU32AFDXFN037007,40053.033
1N6BD0CT4GN709172,18858.538
1C4RJEAG5LC246350,34954.55310515873
1GTG6CEN1M1103348,37802.38552857142
1FADP3F20DL258472,7517.677
5N1DL0MN6LC531734,49413.69488333333
5TDXK3DC6GS711451,20490.972
5N1AZ2AJ5LN157054,28711.287674603165
3GNCJPSB2GL272619,16345.414
1HGCV1F12LA095469,25534.92668122432
3GKALVEV9LL183021,27649.09589761905
2T3H1RFV1LC084628,31691.448443048605
5TDYK3DCXFS553392,17257.781
JN8AY2NC0H9508928,34252.315
1FMSK8DH5LGC55784,42655.76586904762
1FMSK7DH5LGB82880,40209.70766666666
2GNAXHEV9L6270883,27226.55530238097
3GCUYEET4LG379630,53166.115
1FM5K8GC8LGC89005,51427.90805833332
1GTG6FEN7M1103257,37498.200044444435
3TYSZ5AN5LT004699,48792.21154292929
1C4HJXDN6KW622973,42444.113666666664
WDDSJ4EB6JN576287,27429.901
1FMCU9GX2EUB90758,14783.568
4T1C31AK3LU542728,30115.199293589736
19XFC2F64KE014681,17047.889
19UUB1F36LA018070,35102.44576428572
1FADP3K22EL181952,9120.791
3N1AB7AP8DL739907,9837.987
SADFP2FX1K1Z43554,43784.034
1FTEW1CP6LFC49066,46470.63668379955
5N1DL0MN8LC500050,50107.28128333333
KM8K3CA58LU525506,27752.666596428586
1FMCU0HD1JUD00581,14893.578
1GCRYEED6LZ341248,44306.27872619047
5N1AT2MT0EC779512,12039.519
1C4BJWDG3DL634889,28049.686
3GNCJKSB6LL303383,17424.939118298375
JF2SKALC7LH600214,32432.227359078417
1FA6P8THXJ5116712,23234.417
ZACNJBC18LPL61751,24083.429523809522
1HGCV1F64JA047495,22801.783
2T3P1RFV2LC126770,33846.54523406594
5LMCJ1D94LUL19156,49767.50043333333
2HGFC2F86LH559631,23024.962083333332
KM8J33A43MU307560,25221.266933333332
2G4GK5EX4G9207465,20981.055
3VV4B7AX5KM157914,26179.864
WBXJG9C00L5P94380,34099.606
2GKFLTE35H6198121,25369.578
ZFF80AMA7J0232058,248831.921
2T3WK4DV6AW005590,9906.469
KNALC4J13L5221096,37581.44673333334
1FMCU0G68LUB66447,40356.307709523804
1C4AJWAGXCL135974,20128.356
1FMSK8FH6LGC39509,43762.426425
2G1FT1EWXE9174443,21953.591
5TFDW5F13EX370662,24920.223
3N1AB7AP5KY405690,16864.926333333337
1FT7W2BT4KED74200,63502.194
5N1AR18B29C607238,6308.986
5YFHPRAE3LP054738,26230.45116525973
19XFC1F97LE212404,26974.017372113994
KL7CJKSB3MB304421,22562.95483676047
WA1ANAFY9L2039973,48848.11116666666
1C4RJEAG1LC403744,45913.05823500391
JM3KFBCM2L0852136,31749.095400793645
5TDZZRFHXKS333868,37596.305
1FMJK1JT1LEA76049,63829.636278571415
1C6HJTFG7LL217125,42377.48160714286
19XFC2F62LE212435,21630.17361666667
4T1G11AK6LU976875,30852.64033882784
WBA8B9G36HNU54203,24622.533
1HGCV1F38LA132266,27169.608430555563
1C6HJTAG2LL150747,41274.363
2C3CDZAG1JH339398,26007.571
3GCPYDEKXLG345948,36611.14675714286
5TDDZRBH3LS054134,42077.110140295816
1C4BJWDG8HL536415,30593.926
1G6DA5RK6L0146264,37499.86533333333
2T1BURHE4KC165334,18239.094
3GNKBERSXLS726232,36232.190769732995
JTMP1RFV0KD024250,30871.386
KNDERCAA8M7127063,25884.112333333334
2FMPK3K93JBB32493,24632.152
1HGCS2B82CA002189,8149.94
3GNKBARA4LS678999,33116.859555555566
1N4BL4DV1LN317442,24730.147372727275
1FMCU9GX5EUC14177,11906.049
1NXBR32E95Z343412,5199.899
3N1CP5CU9JL519723,22055.671
KM8SR4HF3HU193095,22662.342
3LN6L5E90KR602496,31948.32253333334
1N4AL3AP5GC285589,11099.253
2LMPJ6J92LBL18698,49611.363955952394
1FMCU0G61LUB59954,38417.129476675815
2C3CDXCT5KH584429,33977.881
JN8AS5MV7BW257453,8401.358
5TDZZRAH2LS029085,42003.057002380934
2T1BURHE5GC622031,11648.045
2T3P1RFV4KC025325,32043.141406349197
1FA6P8CF8L5170396,46073.591361904764
WA1ANAFY2J2011994,30737.98
4T1C31AK7LU538617,30115.199293589736
3GNCJKSB1LL313805,22234.487482509157
1GNSCBKC0LR143895,47084.498
3LN6L5F98LR613343,45683.34637503605
3MVDMBEMXLM108106,26123.652666666665
3GNCJLSB1LL129146,18966.140483333333
2FMPK4G92LBA03985,43793.3513
1GNSKNKD8MR123506,60349.19017261904
1FMCU0E74CKB11209,7484.433
1GTP9EEL4LZ339221,60790.87979999999
4T1BF1FK3HU797818,18158.336
JTDKDTB33D1538634,8279.955
4S4BTANC2L3249276,31024.712960714285
1FT7W2BT7KEC60806,55724.062
4T1K61AK6LU990982,29582.179003571433
4T1L11BK1LU005148,30935.301655844098
JF2GPAGC2D2211292,9260.902
1FMCU9GD5HUE98601,16120.945
JTNK4RBE1K3073093,21326.688504761903
JTDKARFU9L3114473,26337.2479702381
1FTEW1EP0KFC82981,39607.958158730165
WBAJB9C52JG463886,52319.593
LRBFX2SA2LD168791,35886.331984920624
1FMCU0GD5JUB41209,19575.055
KL7CJLSB1LB009516,24843.911700000004
5NMS33AD2KH007554,22526.799
1FTEW1CP2LKE59011,37831.995567385406
KMHD84LF8HU156529,15136.164
3C4PDCAB4LT253978,22051.18833333333
1FTEW1E4XLKD23289,50199.76732380953
1FTVX1EF2EKG10630,25045.021
4T1K61AKXLU979239,29324.93730793651
KNAFU4A20D5655920,6584.457
1G1ZB5ST9JF252374,17850.182
1C4PJMBX1LD655486,36480.85180952381
WDC0G4JB6JV061726,29482.533
1FTRW07L53KA65649,7118.035
KMHH35LE9JU021062,16935.413
2FMPK4K89GBB30396,21513.262
5LMCJ2C90KUL09519,25242.330416666668
5NPE34AFXKH808921,21544.238
7JRA22TK9LG066437,45693.631166666666
2GNFLFEK3G6322980,23762.628
1FMCU93108KD84884,6846.041
1FTEW1EP2LFC30463,46838.88566666667
3PCAJ5M15LF119041,42527.40762499999
5YFEPRAE6LP025530,21466.048583333333
5YFBURHEXHP718366,15919.953
3GKALTEV8LL198632,33292.2276370076
JTMRFREV4DD025576,12911.638
WBAJR7C04LCE48632,59709.184
1FMJU1HT5LEA71467,58479.62623333335
5NPE24AFXKH775874,19111.3297
3KPA24AD9LE313471,16160.0079
JM3KFADL9H0177652,19987.445
3C4NJDCB3LT209151,24648.744147619054
1FMSK7DH7LGB80581,40436.52478690476
1GYKNAR42LZ232406,46087.03841666667
2C4RDGBG9LR155736,27875.93089844877
SALYB2RX4JA742592,30779.447
WA1ECCFS1HR017771,25203.086
1N4BL4BV5LC206343,21454.242011359467
3KPF24AD0KE099989,15809.738
2C3CDZC9XGH220966,55622.951
3C4NJCBB4KT750445,22341.1505
1D8GU58667W630607,7053.383
3C6UR5CL2LG185721,63123.76301666667
1FMCU0F66LUB91154,38402.19355050505
MAJ3S2GE3LC328008,22078.86474642857
KL79MPSL6MB034561,27250.752233333325
1GKS2DKL8MR136335,81829.62602976196
4S4BTAEC7L3267675,31894.610122222224
KM8J3CAL7MU315068,33085.46489682539
1GCRYDED6LZ371117,41887.700358333335
2HKRW2H84LH668192,31325.170298201778
1FTEW1EP9KFA71021,38681.60316428572
2C3CDXBGXEH307784,15505.113
1C4RJFLG6HC602766,27569.363
3C3CFFGE7HT543963,23773.744
3FADP4BJ4KM142674,12316.213
1GCRYEED5LZ337630,44935.95336626986
1FTEW1E56KKE92071,49885.34952380952
3C4NJDBB8JT167817,20759.087
1FTEW1EG8JFA95499,41537.916
WDC0G6EB3LF729999,65351.909
3GNAXHEV9LS687759,26881.55784438618
3VW2B7AJ0HM375816,13575.049
3FA6P0T98KR233469,29989.119
2HGFC4B03HH306026,15985.515
3FA6P0LU1LR142839,39040.58257414529
3FA6P0G70LR168174,39621.47678412699
5FNRL38428B079918,7821.214
3C6TR5CJ8LG226668,69270.26023571428
1FTEX1CW4AFC11286,13213.187
1G1YY22G525113166,19844.342
5N1AZ2BS9LN148073,33285.14176428571
WAUACGFF0F1062918,20347.55775
1FMSK8DH1LGC71769,43043.12059642857
WDDZF4JB0JA325455,36671.544
1N4AL4FV2LC115150,33012.516899999995
5N1AZ2MH0HN169239,22009.574
WBAJA7C30HWA70672,29493.432
1FMCU0J95KUC31031,23609.848
3MZBN1U76JM167997,15667.174
5TDHZRBH1LS041187,42061.92885952379
1G1ZE5ST9HF187978,18323.675
1C4PJMLB9KD406628,25716.534333333337
1FM5K8F81HGC98407,29826.662
1FMSK7DH0LGB80745,44482.84528514721
1FMCU0GX6FUC77544,13345.851
1FTEW1C51LKF00565,47802.57573809524
4JGDF6EE7HA932351,50156.898
2HGFC1F75HH650690,18696.03
JN8AY2NC9K9588236,43958.627
1C4HJXFN8LW345953,52264.04758333332
1N4AA5AP1EC432814,13042.483
WDDHF8HB9AA238971,10558.077
2HGFC1F93LH683102,26368.31942027417
3C6UR5SLXLG200192,65122.866522680095
KL7CJKSB7MB304177,22734.636542857144
5NPD74LF8KH489550,15328.816
5TDJKRFH6GS265609,24632.831
1HGCR2F55HA266316,18899.635
3N1CN8EV6LL828971,16448.467783333337
1FMJK1HT1LEA33997,58681.804500000006
1FMSK7FH7LGA58445,43018.323267857144
3N1CP5CU2KL524697,18575.871876984125
1FATP8UH5K5138278,23780.894
1FMCU9J92JUA19027,22243.378
5J6RW1H26LA009053,28699.676392207795
KL79MMS24MB025556,22913.32983333333
1C6SRFHT6LN195097,44805.58681666666
3KPA24AB6KE221232,13108.38
3C63RRJL6LG215549,63430.95231810967
1FTEW1E44LFC38103,46951.558940540046
4T1B11HK2KU730680,23295.616
5N1DR2BM1LC625296,36535.078311904756
1FD8X3H6XLED52675,50341.39057387057
5TDHBRCH1LS509745,41228.04684404761
1C4RJFBG2LC397022,44406.409960317455
3C4NJDBB6JT402733,17892.774
5NPE34AFXGH342270,14083.999
1N4BL4EW9LC100143,27648.813
2C4RC1GG4LR224180,36691.85316666667
JTHBW1GG6H2154128,24447.302
SALYK2EX2LA285628,53625.43890097402
WBA7T2C09MCE94182,91348.1289047619
1C4RJFAGXLC266762,38424.678407142856
1N6BD0CT0HN712894,16253.6495
JTEBU5JR0L5832867,47044.603760714286
2C3CDXBG7JH257629,28173.416316666662
3N1AB7AP7KY435659,15770.020333333334
1G6DU5RKXL0140085,50968.7855987013
MAJ6S3GL6LC357214,21802.03869285713
3GNMCEE0XDG216915,21953.375
1GNKRHKD5HJ350430,30824.161
WBAJA5C36HG897684,32075.569
1FTFW1RG7JFB82339,40891.53521666667
KNDEPCAA8M7084169,24683.2595
7FARW2H80JE095288,26075.337
3FA6P0HD0LR265444,21344.423049206336
5TDYKRFH8GS159645,15761.386
1FMJK1K50CEF22787,14110.245
3GNAXNEV3LS592385,22747.449027380942
5FNYF3H57CB001154,14268.555
1GD48LE73LF248886,58897.08484053722
KL7CJKSB7LB085140,22069.770043290035
3N1BC1CP9AL443253,6183.059
NM0LS7F27L1468943,40530.473586831955
1GNSCBKC4KR396569,42932.479
JM3KFBDM5L0818206,31293.860523051968
2FMPK3K92KBB62229,25708.799
MAJ3S2KE0LC327342,24081.73920162336
3N1CN8DV9LL903986,16720.322719841257
KNMAT2MT4LP525909,26029.556706349173
1N4BZ1BP2LC308732,39475.134750000005
1FTEW1E41LFC18956,61588.22910674607
5FNYF6H56MB007949,42769.42522142856
SALRG2RV0L2420999,62322.8165
KL4MMCSLXLB071322,30771.22725
4M2CN9HGXAKJ17167,5809.067
KL8CB6SA8MC701138,27447.340673160164
5TDYZ3DC9KS013909,28863.277
JTMDJREV7GD008820,23368.519
1GCGTBEN2M1120422,39527.82219404761
5UXTR9C56KLD99157,43366.649
3LN6L5A91LR615474,37447.13753095237
5TDYY5G14CS039277,18752.627
JHLRD78846C033852,5174.352
1GCRYCEF1LZ293311,41575.38975992341
2C3CDZAG0LH206439,31570.278757142856
3FA6P0HD5HR378779,15927.717
JN1BJ1CV4LW256147,21518.836252489175
1C4HJXDG7LW274605,43245.52314285715
3GNAXHEV6LS592429,22611.62917261905
5YJSA1E40HF171920,25967.571
W1W4EBVYXLT022110,53152.61206666666
JN1BJ1CV4LW543536,21775.81091031747
WDC0G4KB5GF094119,28898.825
W1N4N4HB2MJ116549,45319.66916666667
4T1C11AK9LU936000,30729.688263217336
2FMDK3J94CBA11589,9291.097
1C6SRFFT6LN396839,44596.00379523807
1FTEW1E4XLFB62659,44275.89388809523
3GKALSEX0LL306334,33182.065899999994
SJKCH5CP3HA025151,25801.442
1C4RJFCG5LC426866,43383.85190873017
JM1NDAC71L0416121,34334.360057142854
KM8J3CA44LU261123,27426.63558333333
JF2GPABCXH8217822,22327.391
3TMCZ5AN2KM207919,38742.399
3C4NJDBB4LT256447,24082.245371428573
1C6SRFFT5LN347387,42625.076324350644
2C4RC1BG1DR573516,7373.159
WAUB4CF57JA062912,45303.804
1C6RRFFG3LN353268,46740.86003333334
KM8J3CAL4LU145847,29188.80660238095
3FA6P0LUXJR137393,24868.608
KM8K3CA57LU590198,26173.479128571435
KNMAT2MV0KP538253,22166.52
3GTU2VEC3EG448649,23223.992
19UUB1F35LA015905,32895.878249999994
3VWDB7AJ9HM267087,14235.92
MAJ6S3JL8LC348958,27623.786523809526
3GCNWAEF4LG115787,36135.759972222215
JM3TCADY3J0208506,27527.273
1HGCR6F34EA005454,14942.189
3FA6P0HD4LR253393,22262.135925577182
1FMCU0D71AKD37223,6339.396
1ZVBP8CF2C5245339,18561.067
1FAHP2D83EG162087,9153.376
1G6DP5RK9L0123141,40832.84854285715
KMHGN4JE2FU043639,19659.803
1FTEW1EP8JKF14734,37121.74
JNKCV61E49M304965,7491.263
KNDPM3AC2L7816653,25955.016976190476
1FMCU9G64LUB68197,38247.420672619046
JM3TB3CA3E0431282,13553.099
1FMCU0G6XLUB28962,40288.14808690476
WAUENCF58JA136784,31900.623
JM1BPBMM9K1125525,23815.32633333333
WBY1Z4C56EV274739,16501.259
4T1BF1FK2HU662183,20852.14875
3GNAXUEV5LS649034,32339.0691
5NPEB4AC0DH647281,11214.731
1FTEW1E47LFB26363,54548.57679440139
JTNKHMBX5K1030834,21794.847
ZHWUC2ZF7GLA04416,170335.849
3GCUYEED3LG396492,45660.077488672476
JTMDJREVXHD111229,25242.881
TRUMF38J581002613,7063.502
1GNEVHKW9LJ174579,41113.152
JM1CW2CL5C0107949,7916.667
WAUB1GFF2J1087256,29483.717
1FTEW1E40LKE93242,48257.534839971195
19XZE4F99ME000601,26254.091154761907
1C3CCBBB7EN179747,10146.092
3GTU2NEC0JG247804,41139.995
2C3CDZL97KH741278,72240.845
1GYKNFRS4JZ159189,32478.677
1FM5K8HC0LGD04921,49802.108166666665
JTEZU5JR7L5226285,47575.750132142864
3KPFK4A70JE234171,13336.02
5NPD84LFXHH010003,11889.621
3MW5R1J00L8B29864,47520.08141666667
3GNAXHEV2LS597398,25661.344388761212
1HGCP2F8XBA067477,6927.636
2C3CCAAG2LH175473,27384.413650000002
JTDL9RFU4L3014164,29271.662333333334
3FA6P0HD6LR233971,22262.135925577182
NM0LS7FX4G1265090,20087.654
5NPD84LF8JH283690,15047.255
5TDXK3DC0FS570911,20443.06
JN8AT2MT0KW501731,18820.734
1FTFW1ET4DFA05383,15730.371
5YFEPMAE0MP148907,26133.382554761905
1HGEJ8144TL074304,6823.835
1GCVKREC6HZ150614,38631.93389880953
3KPA24AD5LE285927,13703.989435714286
YV1960AS2A1120121,8329.844
5FNYF6H32HB034313,30264.852
3VWCB7BU9LM015935,21789.58707539682
JF2SJAGC9JH545453,21951.551
LRBFXDSAXHD222034,20951.543
1FTEW1E48LKD64181,54548.57679440139
1GNSKSKD0MR121540,61139.16751190475
3C4PDCAB8LT214164,22707.341609523814
2T3W1RFV6LC085815,31341.66144880952
1FTEW1EG9HFC76122,37039.633
1HGCR3F85DA032168,13283.782
1FTBR1C89LKB20765,54441.920338095246
WAUENAF41KA034448,33161.138
1D7HA16N88J142861,8206.384
KL7CJLSB7LB010380,19303.24715
1GCGSCEN9L1201151,29682.59225
3GYFNCE30DS638659,16224.488
JN1EV7AP1HM742202,26256.906
1GNERFKW7LJ303704,35019.943940476194
5TDDKRFH1FS156051,25532.029
3C4PDCBGXHT566339,16110.584
5NMS23AD9LH137223,28322.185916666665
1N4AL3AP6GC142831,11728.33
1ZVBP8AN6A5135739,8555.861
2C4RC1AG0KR657907,25558.55
SHHFK7H41LU422562,25430.857009740255
3GCUYDET7LG388266,53500.01
5XYPG4A3XKG451881,20341.378
2HKRW1H22LH418052,29481.47162014096
1FTEW1E42LKF08873,48993.95755735928
2C3CDXJG5LH155542,36304.52530833333
2C4RDGCG4HR673193,13331.326
5NPEL4JA7LH002282,26386.56333333333
1V2ME2CA3LC208507,42932.87496190476
1GNSCBE01DR160093,16803.261
MAJ6S3JL9LC349861,23271.814006349214
1FTSE34L34HB43001,10048.179
1V2PR2CA7MC516833,42175.15639841271
3C6UR5PJ9EG307034,30791.031
19UUB2F62JA007788,24906.781
JM1BPACL8L1166765,23926.097894444454
1FADP3K22FL335531,9205.733
5YFM4RCE0LP009616,26538.53575357142
JM3KFACM7L0838324,27487.954043362104
JN8AT2MVXLW142777,28797.670964285717
5J8YD4H5XHL003000,31957.215
5TDDZRBH5LS038274,44538.72604166666
KMHDU46D37U135088,3279.453
YV4162UM4M2397683,45007.23902380951
1C6HJTAG8LL211714,37815.636628571425
3GNAXSEV9JL352229,25258.232
3GCPCPEC0JG527213,38883.081425
1FTEW1EP7HKE18202,34530.814
JN8AY2NC6K9585701,37498.086
1C4PJMCB4HW521246,18224.531
55SWF4KB1HU193172,24458.185
1G1ZG5ST9LF151002,25244.67360089356
3N1AB7AP4HY341263,23462.754442857142
2T3RFREV7JW756047,23532.816
3GNAXKEV4LL267317,22487.32858056945
4T1BK3DB8CU461844,10676.483
1N4BL4DW6KN328587,24071.36582142857
5GAKVDKD1DJ107643,16062.464
JTEZU5JR3L5226641,41590.83583730159
WA1DGBFE2CD006515,16629.881
4T1G11AK7LU381503,29735.177676190477
2T1BU4EE3BC537978,7413.809
1FTEW1CP8LFC39171,39197.622200000005
2C4RDGBG4LR243030,25496.082921428573
2GNAXUEV5L6100027,29692.9621
KMHGN4JEXJU236730,29846.912
2FMPK4K83HBB72919,20456.92
5FNYF4H59BB021622,10115.397
1G1FC1RX9H0117099,24235.906
1N4AA6AP1HC439899,20826.389
3LN6L2JK4GR610373,25049.037
19UDE2F32HA007118,19445.308
5FNYF8H58LB015786,39042.173524999984
1FD8W3HT0KEF04096,54414.303
JM3KFACM4L0844954,29913.433350000007
3C6UR5NJ8JG426352,62955.01353333334
5YFEPMAE2MP156636,26244.452853354967
YV4CZ592X61303355,4806.555
KL4CJASB4HB229015,16492.265
5FNYF5H56MB004785,37713.202390476195
1GKFK66U75J175420,8103.224
5J6RW2H27LL018886,31325.170298201778
KL4MMBS22LB129019,22001.506111111117
2FMPK4K95GBC46588,20929.697
3C4PDDEG6KT795111,22999.9623
1C6SRFFT2LN407884,44596.00379523807
WBAXG5C5XDD233362,12744.595
1FMSK7FH8LGA24143,42707.31620238096
2C3CDYBT9EH106039,34652.468799999995
KM8K3CA53MU610562,28396.83493214286
JN1EV7AR5LM253778,43411.76971666666
1C4GJWBG7GL163214,29405.418
5N1DR2MN3KC627782,25048.2965
1C4PJLCB2GW302648,13375.118
JA4AP3AU4LU012369,21330.688392857144
2T2HZMDA8LC251101,54470.062333333335
3TMCZ5AN9LM367331,40309.01710934067
1C6RR7LT1HS834894,31913.317
3GNKBBRA4LS729276,28667.984990476183
5NPDH4AE4DH371778,18702.384
3GNAXHEVXLS679623,26881.55784438618
W1W4ECHY9LT022665,51650.35313333333
2C4RDGBG8HR687759,12616.352
5FNYF4H92AB020684,8905.641
3GNKBCRS2LS714015,39883.49156785714
1G6DK5RKXL0152856,44701.78458809524
1FTEW1EG6GFA47959,23503.32
YV4960DL9A2119890,8843.535
19UUB1F50GA013406,22420.246
1C4HJXFGXLW142614,45597.078166666666
3C4PDDEGXJT464398,20495.249
1C6RR7LG1ES110749,21314.133
1G1FY6S05L4134267,38592.42348333334
5TDBZRBH6LS520162,41462.16162805805
1HGCR2F35HA287164,16518.857
5YFS4MCE2MP061003,26037.92092857143
3VWDB7AJXJM262938,15066.67
1C4RJFCT3LC398675,50750.95668333333
JN8AZ2NE4K9234087,46625.826
1FMSK7DH2LGC89269,44482.84528514721
JTHBE1BL4D5009752,14782.816
KNMAT2MVXLP517363,24850.727633333332
4S4BTANC3L3195714,31669.3955
3N1CN8EV2LL801881,17798.73976666667
1G1FZ6S00L4136604,39529.25959920636
4T1F11AK0LU976138,31232.643333333337
2T2HZMDA6LC255406,52182.848833333344
2C3CDXHGXKH673618,27927.869
3CZRU6H59LM705597,27057.75125
7FARW1H51LE016441,29201.244999999995
3GNAXKEV0LS680566,22931.9346317821
2GNAXHEV7L6275788,26958.782166617577
1ZVBP8CU3D5273828,36082.133
WA1YD64B94N050534,12333.30375
JM3KFBAYXL0851323,35680.35847380952
3GNAXKEV5LS582519,24117.36990595238
5NPD84LF9JH254070,12145.053
3HGGK5H87LM709494,20167.194598304475
JM3KFBDM7L1841643,31293.860523051968
1HGCV1F17LA105879,25222.074348412694
JTHCM1D25H5021653,31234.287
3GNCJLSB0LL279720,19975.801500000016
1GCRWCEDXLZ365157,40877.78281666667
4JGDA7FB2HA958493,123973.363
1HGCV1F10KA093573,24413.03362301587
2C3CDXBG5LH108039,25120.15956071428
1FM5K7BH0HGD10031,23176.306
3VV3B7AXXKM144488,22288.621
MAJ6S3JL4LC318873,26704.65670714285
1GTR8CEKXLZ173326,37514.09691111112
1FMJK2AT4LEA55220,63829.636278571415
1GYS3BKJ2KR281440,54411.76
1FTFW1RGXKFD38441,44857.673
3C4PDCAB4LT259408,23592.31336262629
JM3KFACM1L0861517,27718.50229989176
WBA73AK0XL7F88848,37571.76878571428
2CNALDEW3A6344040,7661.228
1FMJU1JT6KEA36445,44383.44
JN1AZ4EH3KM420172,45519.139
1GHDX03E81D291565,2859.436
1FTSS34L68DA55016,13819.545
1C6RRFFG4LN305536,39845.36864285714
7FARW1H82LE014191,31352.854225019386
1C4HJXFN6LW339200,52236.358476190486
2GNAXTEX9J6282775,24930.696
1FMSK7DH7LGC75688,43496.97504880952
JA4MT31R91P056917,4293.651
5GAKRBKD1HJ130242,23294.876
1GKKNKLA1LZ235375,28925.52457142857
5NPD84LF8JH235042,13055.156
JHMGD386X8S036452,6799.843
WA1DECF34L1119314,39041.88908333333
5TDZK23C28S145732,6049.344
3VWCB7BU0LM009988,24692.819230142075
5N1AT2MTXLC703504,19092.42934761905
1C6RR7LG6HS870437,29009.732
YV4102DLXM1676537,49178.26061666667
1G6DN5RK1L0122670,46812.20268333333
5NPE24AF5HH535558,16738.718
1C4RJEAG2LC430404,45913.05823500391
1G1ZB5ST6LF149299,24474.207261161075
KM8J3CA42MU293506,27060.202999999998
JN8AT2MV1HW017450,17624.809
4JGBF7BE0AA569205,13930.502
4S3GKAD69K3608226,20136.558833333336
5TFCZ5AN7HX117586,34835.83
5N1DR2MM3KC626378,26982.07
2GCEC19V1Y1150054,6704.148
JTMRJREV9JD189741,25206.936
1FTFW1EF1CFC18977,19586.625
2HKRW1H21LH408290,28586.7795952381
1G1YY32G245125154,32811.324
3GNCJKSB3LL327057,18756.756500668773
5XYPG4A5XLG669130,26436.0025
1GNSKSKD0MR121389,64686.87079761905
ZACNJABB0LPL68231,21345.885971031723
5TFUY5F15HX627626,40903.224
JN8AS5MT8AW506257,6503.826
3N1AB7AP8KY329169,15166.015
KNDCB3LC3L5375628,27702.271549999998
JN8AZ2NC5K9460962,54682.606
KM8JUCAG3FU104758,17137.86
1FMCU9J9XLUA40601,41742.80249632035
1N6AA1EF4LN511915,45669.06691968863
1N4AL3AP7GC244851,13947.516
1C4NJPBB0GD761446,10353.836
3MW5R1J03L8B42026,45160.155755952386
1FADP3K22EL285745,12021.383
1C6RR7FG7HS631426,27281.064
2HKRW2H9XLH671123,32346.76068650795
3N1AB7AP9JY255209,14443.267
JN1BJ1CP5KW520864,16326.106
KM8J33A21HU481275,19735.463
JTHBK1EG6B2471560,12211.427
1GTU9DED6LZ319588,55153.14087857143
1C6RR6LM3GS376390,24758.186
3GNKBGRSXKS696997,42172.77528333332
5XYPGDA56LG618160,24335.003666666667
1N4BL4CW3LC115479,28830.30281190476
19XFB2F93DE258130,8546.331
3TMLU4EN0AM048075,20215.528
2GNAXKEV5L6252670,26361.90224703907
SALVP2BG1HH199654,33106.056
4S4BSADC4H3351352,23728.761
1VWCN7A33EC113072,13918.966
2C4RDGBG8LR233732,27875.93089844877
3MEHM08Z09R635418,7479.762
3MW5R1J00L8B18508,47636.19766666667
1C4HJXEN8KW586069,37368.344
1C6RREMT6LN238707,49868.06440873015
2C3CDXHG7KH581804,37239.264333333325
7FARW2H50JE016160,23935.563
3CZRU5H33HG708235,16926.216
1C4HJXDG9LW340474,47308.16583333333
JF2GTAPC9MH200931,25801.343966666667
JF1GR89658L826935,17718.353
2C3CDXBG0LH208016,31748.211290476243
1GNSKSKD0MR127211,60498.3199440476
1G1ZB5ST6HF115483,15170.92
SALCK2FX6LH864640,41331.05904523809
SALGS2FV0HA369592,56391.134
KL4MMFSL8LB107851,27209.100690674586
KL7CJNSBXLB349825,17959.361678154768
3N1AB7AP0KY299732,15569.632
1C6SRFFT9LN420955,54349.52434004335
7JR102FL1KG002109,34055.90085714286
2HGFC1F34HH637068,19096.538
JTEBU5JR7L5834941,43090.54041666668
1FTEW1E44LFB63855,44275.89388809523
JF2GTHNC2M8219025,28125.933851190497
1FMCU9H93LUA63157,41513.486759884545
2C4RC1BG1KR583041,24203.218
JTEBU5JR2K5671260,36971.16
1G4G45G39GF196426,19501.977
1FTYE1Y85LKB46004,54540.097375000005
YV4A22PLXJ1193745,36413.563
JM1GL1XY7J1328891,39895.98716666667
1FAHP2KT0FG186677,21874.673
1FMCU0GD1JUB69542,16940.815
2T1BURHEXHC958274,17319.43955
1FTEW1CP5LKE77695,38509.024718201224
KNDCM3LD9L5391092,27000.038808116875
1FT8W3DT3FEC23491,33258.49
2C4RC1FG4LR209700,33866.1364633117
KNDPMCAC8H7205839,15993.646
KM8J23A45MU285760,25060.69399437229
3GNCJRSB7LL234566,27804.249435714282
1FTER4FH1LLA35116,40151.62291428571
5FNRL38858B067166,6271.295
1FT7W2B69KEF52063,63346.09483333333
5LMCJ2D91HUL40401,25934.129
3FA6P0HD0LR247395,21934.653812697918
1FT7W2BTXKEG68071,80759.48358492061
1GTW7AFG0L1201847,61038.76697206961
4T1BK1EB8GU224571,23589.924
1G6AX5SS2G0104305,27785.326
JN1BJ1CR9HW141957,17876.414
5XXGT4L30LG384089,16881.922
3VW5T7AU3LM000628,31836.970924999998
WDDNG71XX8A193033,17805.937
5FNRL6H73LB042364,37812.182772402586
4T1M11AK5LU993833,30852.64033882784
ML32A3HJ2FH003533,9110.459
JN8AZ2NE0B9000576,17388.38
KNDPNCAC9L7835441,28241.562740476194
1C6SRFFT1LN416494,58876.77870238094
1G1FB3DS2L0104939,29250.951
3FA6P0CD4KR118016,18374.514
5TFLU4EN8FX113269,22855.619
KL4MMGSL5LB061899,31864.353282142867
1GNSCBKC2HR167672,38117.328
5LMCJ2D93KUL01641,40285.6565
1FT8W3BN1LED83658,45916.66618427131
JTMF1RFV5KD011148,25991.0645
2LMPJ8KP5LBL18560,58219.8356
JN8AT2MT9HW130884,15958.06
2T3W1RFV6LW100201,31200.420080952383
1FMCU0JD9HUD74450,16971.437
3GCUKSEC1FG349022,27302.749
5YFBURHE7FP215570,12330.504
JN8AT2MT3LW033690,23416.22970844433
1GKKNKLA8LZ226026,28392.757599999997
1FTEW1E46LKF07080,54548.57679440139
1FATP8FF1J5119298,37920.322
KNDJ23AU7L7063822,19709.01913333333
JTDKN3DU3F1901178,11205.814
3VWED21C22M445058,5283.77
WDDZF4JB2JA391554,33866.034
3FA6P0HD4FR188436,15663.731
1C4BJWDG5DL515449,25728.818
5UXCX6C06L9D18116,115737.864
5J6RW2H84KA018844,29662.827
1GCGTEEN5K1108022,29793.632
1HGCV1F40JA110543,21841.914
KNDJ23AU9L7731894,19946.281394841266
5J8TC2H65ML003801,47323.799928571425
3GNCJPSBXLL293504,24999.596802380955
1FD7X2B69LED79719,45448.779650280274
JM3KFADM1L0838642,29913.433350000007
1C4HJWEG5FL526477,31582.012
3GTU9DED2LG370540,55204.521411111076
3GCPWCED5LG414627,39356.429851587294
KL8CH6SA5MC700110,27585.33644563492
1C6SRFFT9LN218830,42220.08461666667
JTHBK1GG4G2242329,26185.416
KL4MMGSL8LB040500,27529.338083333336
5GAEVAKWXLJ187990,41824.940716666664
1HGCP36898A006846,7889.695
JC1NFAEK7H0125784,22123.14
WA1AECF33L1115080,39109.70599999999
1FMCU0G69LUA61304,38441.88909999999
3FA6P0G76LR234534,39705.06054157509
5TBBT48102S227685,5234.887
1G1BE5SM9H7178637,22706.449
1FTEW1EP5HFB19574,37318.027
3GNCJLSBXHL249681,17037.106
JTMZFREV2HJ143388,21732.127
1GCGSCENXM1123075,31501.28425
1FTEW1C49LKE60324,43697.481005555564
WBSJF0C03LCE37567,123039.243
1FM5K8GT7HGD03855,34483.278
3N1AB7AP7KY214210,16172.984316666669
4S4BTAEC9L3240171,32559.810357313334
4T1B61HK7JU509446,23656.537
1N4BL4CW2LC272159,28265.128758333332
1FMJU2AT7LEA65962,59128.32869285715
1N4AL3AP7JC261155,15588.276
1FTFW1EF3HFA17881,42075.815
3TMCZ5AN3LM314480,39264.62025
JTJAARBZ1L2177115,40861.54759999999
19XFC2F76HE027336,18797.168
5YFBURHE2JP815972,14007.016
WDC0G4KBXHF224011,35324.845
1GNSKCKJ2KR140678,54852.892666666674
WMEFJ5DA5GK136549,21703.428
KM8J3CALXKU880718,21726.032
4T1C11AK3LU983278,30200.34931547619
5XYPG4A52LG631987,22914.060833333337
2LMPJ6K98LBL03587,52294.25912976193
1J8HR68T89C546575,8660.771
3GCPWFED2LG414621,50356.017049999995
5J6RW1H20LA013633,29481.47162014096
KM8J3CA27JU760123,19731.693
2GTEK13C681142364,13106.758
1C6SRFFT5LN184787,44596.00379523807
5J6RE3H3XAL027368,8831.417
3C4NJCBB8JT304782,22593.29853333333
ZACCJBDB6HPF96321,20765.121
JF2SJAEC9HH508416,22668.092
2HGFC2F64LH515688,19545.0695
3GTU9BED5LG414857,47754.07312142857
2GNAXKEV8K6284107,25108.951976190478
1G1PM5SC4C7236162,10497.223
1C4HJXEG9LW318781,45823.48606666667
1NXBR32E66Z628795,7137.39
WDZPF0CD0KP116546,38331.51
2GNAXKEV8L6267681,28004.21738279775
1GNKRGKD0HJ307978,22739.458
1FMCU0F78DUA39810,9066.123
3GCUKREC7GG220664,30080.204
JM1GL1WY5J1333394,28871.977166666667
JN8AY2NF9K9351675,40931.561
JF2SJAGC7JH442094,21611.407
1G1ZB5ST9LF141925,21098.526761904763
2C4RC1BG7DR780573,9994.575
1FTFW1ET9DKF89769,18049.795
3MZBM1U72GM321892,14417.893
WBAJE7C54KWD53914,45012.723
5XXGT4L39KG299329,16886.958
JN8AZ2NC4J9440720,48757.797
3FA6P0LU1KR210586,23220.706
1C6RRFFG1LN415055,44500.78702261905
3GNAXKEV3LS717187,25661.344388761212
4F2CY9C70AKM02979,7893.395
3FA6P0HD9LR185706,21955.965696031744
JM1BPBAM3K1116551,27677.314145238095
3GNAXKEV5LS731768,27226.55530238097
4T1C11AK0LU327152,29302.344083333337
3KPFL4A70JE195367,15176.224
19XZE4F56ME002805,26415.37819880952
KL4CJESB6KB926071,26096.78206666667
3HGGK5H40LM705266,18102.660133333327
5NPEB4AC8CH356011,7990.797
1G1PC5SB9E7401023,9782.165
3VWC57BU6LM078434,24518.344916666665
5N1DL0MN8LC518189,50191.823142857145
JTEBU5JR5H5415199,28031.769
KL7CJLSB1LB314546,19514.351
1FMCU9J93GUA41496,17812.452
1FMSK7BH3LGC98436,44482.84528514721
1FTYR1YM3KKA41932,35416.53615
JF2SKARC0LH591363,33463.24403571427
3C4NJDCB0HT672906,20235.871
3N1CN8EV8LL868470,17495.539099999998
3GCPCREC0JG566783,36404.89690811965
3C6UR5DJ9GG102448,56847.91959126983
JA4AD3A36FZ000876,13646.822
3N1CP5CU3KL525308,18276.574
JTEZU5JR0F5101424,22654.648
1N6AD0ER6KN708370,28225.629
5TDYZ3DC7LS080946,39967.93303690588
1N4BL4BV8LC273986,23503.050245965125
5FNYF5H24MB004564,39553.03283333333
7FARW1H58LE016291,31352.854225019386
1G1BE5SM9J7219824,20214.185
5NMZWDLA2HH052243,25495.837
WP0CF2A78JL195297,101003.424
1GTG6EENXH1190586,32526.64
2GNALCEK6G6187227,16744.772
5J6RW2H25LA014668,28309.0046089466
4JGDF6EE8HA978643,50448.444
1GNSKCKC2LR134138,72702.54089999999
1GKS1AKC2HR115732,41712.495350000005
2T3H1RFV8LW098461,31226.908419047617
5FNRL6H77LB071530,38758.30852433678
JN1BJ1CPXJW104551,17426.403
5J6RW1H92KL003623,24660.308
1G1ZD5ST7LF131274,25244.67360089356
2T3P1RFV1LC137811,33959.891287049046
1G1PE5SB1F7286820,9369.841
KM8J33ALXLU186693,26245.75400238095
1C6RR7GG8LS153265,34543.61400000001
5N1AZ2MS8KN108319,29132.549
5J6RW2H83LL032577,28438.167550577175
4T1F11BK1LU013523,30935.301655844098
JA4AP4AU4LU002432,21662.19382301588
1N6BF0KY6LN809257,54222.99192142858
2C3CDXBG3LH153612,27927.497915873017
3CZRU6H55JG705513,18568.505
1C4RDJAG3DC580233,17143.373
MAJ6S3GL3LC371183,20837.059240476196
3C4PDCGB8JT157890,20586.0848
1FADP3F25JL291530,14751.037
5TDKZ3DCXJS906045,27707.415
JTHBK1GG8D2002454,23186.691
KM8J2CA48KU931435,18371.127
1FMJU1LT9LEA42562,72135.218
1FTEW1E51LKD31869,49467.06358095235
KNMAT2MV6GP620091,17608.382
2HGFC1F37HH644550,19077.955
3GKALMEV6LL306168,28872.92031547619
1FT7W2BN8LEE31212,48727.278364288475
1FAHP2F83KG111522,20781.45
1HGCV2F36LA025366,33793.81704166667
1FMJK1HT3LEA27229,64833.912952380946
1HGFA165X8L059066,3501.523
3VWSF71K96M736941,4132.699
5FNYF6H09MB013359,44531.36075833332
3GNAXKEV7LS732646,22747.449027380942
5NPD74LF3HH185230,10114.248
3GKALVEV0LL124505,28050.997966666666
5FNYF4H23EB016541,15246.109
3VV1B7AX7LM159491,23947.474451587306
3CZRU5H31LG700756,22614.598467460328
5FNYF5H36MB006924,38778.72044444444
1C4RJFBG2LC386232,39615.06129999999
KL4CJBSB0JB695942,17694.5585
2GNALBEK9E6328198,12137.381
1HGCS1B80BA016438,7056.406
LVY992ML7JP005694,34167.048
KL4MMBS20LB114244,19457.756223809523
1G1ZD5ST0KF106604,15752.114
1HGCR2F51GA080903,16264.457
JTDT4MCEXMJ056334,26291.965383333332
3FA6P0HD2GR202769,17434.839
KL4CJ1SB3HB230107,16809.238
KNDPM3AC8K7554085,18918.065
JTDVPMAEXMJ130516,25889.966067857145
1GYS4CKJ0HR123660,46243.8
1V2TR2CA9MC522289,42726.962961904756
2GNAXXEV6L6106162,23274.0138
5N1DR2BN9LC605032,27448.306833333332
JM3KFADL4H0183908,20014.956
JA4AP3AUXBZ021031,9153.546
3GTU2NEC7HG334609,41593.583
2HGFG11657H500600,6066.142
JHMZE2H56AS011576,7623.509
WAUGMAF47LN003842,38694.827130555546
5FNRL5H93GB044553,18489.43
1C6RR7GT6GS396401,29372.502
1FTEW1E4XLFC39031,48257.534839971195
1GT49UEY7LF312265,59869.43081172161
1GKKNNLS2HZ218506,22900.498
1FMJU2AT2LEA51709,63764.63234682541
5FNRL6H77KB108722,34237.46655
1FTEW1C53LFB80450,45223.83856944444
5N1AT2MV6LC752474,27555.049069047614
1FTEW1C49LKE39277,41811.30531904762
1FTEW1E43LKF38643,51152.73227777774
ZACNJBC16LPL76085,25930.560438852815
1FMJK2AT7LEA67085,71805.94465476197
MAJ3S2GE2LC336357,20692.104533333335
KM8SR4HF8EU064801,14173.606
1C6SRFFT5LN413582,44956.49896317017
2C3CDZFJ6KH642330,46622.38575
1GYKNERS6LZ129530,57329.802833333335
1C4BJWCG9HL729710,33936.979
1FM5K8D81HGB42693,29235.248
5NPE24AF6HH575647,14206.323
WBAJE7C37HG479408,39125.008
3GNAXHEV8LS727152,22487.32858056945
3VV3B7AX3LM160436,23947.474451587306
1G6KB5RS6LU100060,51650.798
JF2SKAJC6LH587510,29252.38463769842
5NPD84LFXKH433669,13767.265
1FTEW1CP6LKE27467,38509.024718201224
W1N0G8DB8LV257610,47173.36292857143
WA1FECF30L1124163,40110.42144761905
1FMJU1MT5LEA63651,73618.69673333333
1GNSCBKC4HR360177,37337.181
3GNKBGRS0KS590008,38989.8518
2FMPK4K91GBB03251,24002.71
2C3CDXJG2HH516071,25026.411
4S4BSAFC0J3373450,22444.083
3FA6P0HD6LR254982,21934.653812697918
3FA6P0SU0LR258292,39040.91924081196
WBAVL1C5XEVY10446,9232.251
1FTEW1EG8FFB18206,23665.731
4S4BTACC6L3253107,33409.779910714286
3C63RRPL3LG219663,64764.65183315019
5TFDY5F19LX943894,45612.55973095238
1GNERGKW3LJ296854,37817.51246837467
2FMPK4J9XLBA40873,32895.74447738096
1FTEW1E41KFC04084,46085.719607936524
1GNSCBKC0KR177267,44253.384
KM8J33A43LU261310,22836.400054761903
3VWEB7BU1LM066208,26098.32509404762
2GNALCEK5F1143909,12807.337
19XFC1F30LE021399,25470.07314253249
1G1165S38FU127628,16316.929
5J6RM4H52EL074247,17109.86
5NPEH4J2XLH051485,29210.64230119047
5TDZK3EH3CS060454,10414.206
1C3CDFBH6DD691593,9939.918
WA1LAAF77HD029286,38890.591
KM8SNDHF5EU059602,17974.704
2B3KA53H86H179186,7486.398
1FTEW1CP8LKD66882,38209.05070753968
2T3W1RFV1LC076584,30615.978984956702
KM8K22AA0LU579232,23465.109197619044
2HKRM4H50FH684434,17707.712
WAU43AFD1HN014994,45772.272
3GNDA33P98S562578,6631.408
JF2SJAEC7JH444138,21554.915
KNDPM3AC5M7845856,24815.328388095237
1GYS3BKJ6LR287128,78008.65
3MW5R1J08L8B34388,47710.31749999999
1N4BL4CV1LC153011,25270.853300000002
1FATP8UH7K5170651,23582.959
58AD21B19LU011975,33739.32429401155
KNDJP3A57G7316833,13352.198
1C3CCBBB1DN579592,9214.967
3MVDMBEM7LM136798,27285.291508730163
WBA3T3C51EJ877060,21847.986
4T1J21FB2LU019672,31503.218185714297
KL7CJKSB6LB066126,19760.58133564766
1FAHP2E97FG118280,10617.926
KNDJP3A58K7013424,17993.666
3C4NJDBB5LT239771,28380.01602629872
3GCUKREC7JG570433,39687.1581540071
3N1AB7AP3DL765797,7402.072
3MVDMBDL6LM140270,27783.660277777773
1C4PJMBX0LD630644,30792.12
KM8J23A43KU905695,16939.772
1FTBR2XG2LKA95487,53221.100900000005
2HGFC2E81LH554869,21759.83508333333
1LN6L9NP8H5623937,39447.501
2GNAXUEV2L6189443,28578.476734762564
3KPF24AD7LE262431,18935.819482031857
19XFC2F83LE211540,22697.49571785714
JM1DKFC73J1307990,19248.388
JTMRFREV9HJ709711,20353.735
ZFBNFYB10LP843462,26108.704705555556
3FA6P0HD3HR342055,16027.729
5FNRL6H78LB054168,35095.93363095238
1HGCG567X2A112183,5760.927
WDDWJ6EBXHF549966,36589.391
5UXKR0C33H0V82741,38778.394
KNDMB5C1XM6675242,35412.275
1G1FF1R72L0145455,44438.29257619045
KM8K2CAA9LU552553,23135.592
1FTER4FH2LLA29390,41649.27930238096
2C4RDGBG8HR550014,17028.433
1C6SRFJT5LN416246,49350.16570721501
WA1ANAFY7L2067433,49060.76806190477
1G6DA5RK9L0153743,34846.97144047619
WA1B4AFY9L2029158,63639.74803333334
1G1ZE5ST4HF119930,16446.027
5N1DR2BN9LC623451,29809.154116666658
1G1RC6S59HU161390,21570.811
KL7CJKSB5MB307093,23448.0795159091
3N1AB7AP6HY231220,23509.091
5TDDZ3DC1LS251429,43971.46602063493
2T2ZK1BA3FC183126,24640.807
1FTEX1EP1HFC12315,36086.211
1GCHSBEA4M1124055,29262.856137179482
1GNERGKW9LJ292968,35972.50224642858
1FTEW1CP6LKF01826,41455.59341865079
1FTEW1EF5GKF40191,20815.622
2LMPJ8K91LBL01028,51362.54011309523
JA4AT4AA5JZ044870,19669.166
JM1NDAM78L0415143,33854.194
WBXHU7C38J5H40959,22720.926
1V2TR2CA6MC518667,42507.41093333333
4T1BF1FK8HU302299,14778.541
1G1FB1RS7L0132099,33123.10253333333
KNDJ23AU0M7736936,19754.177327777776
5XXGM4A77FG503943,11412.357
1C4RJFBG4LC359534,39212.232166666654
3VWCB7BU6LM022468,20524.157395238097
2LMPJ8LP5HBL14501,30469.229
3FA6P0HD9LR249663,21934.653812697918
5J8TC1H52LL021995,42824.287000000004
2T3F1RFV1LC118204,33152.96660091576
3FA6P0H77JR278568,16496.019
1HGCM56726A176037,3625.542
1FM5K8D83GGB73376,18564.509
3LNHL2GC2CR821378,7098.042
2GNAXHEV1L6267931,25804.873114285714
1C4HJXDG7LW201900,47523.6780281746
1GYKNDRS2LZ229182,52617.52175000001
5YFS4RCE2LP015733,25351.28405
5NPDH4AEXEH462250,10035.149
3GKALMEV6LL302380,29902.378663528143
JTEBU5JR8K5736242,39544.390666666666
2C4RC1BG1LR266670,36361.108
WAUB1GFF3G1047129,22441.288
5NPEB4AC0DH593657,11157.247
1C4RJFCT2HC692706,38126.781
1FTEW1C5XLFC00452,46870.019288095245
1GCRYDED2LZ151702,38823.6334
1VWMA7A30LC017428,25186.367516666665
2C4RC1FG1JR198216,22410.349
1GKS2CKJ6HR339383,49515.208
1FTEW1CP1LKF15388,47826.1009047619
1GYKPDRS5LZ152267,60601.42942063491
1N6AD0ER8KN746053,26854.535
WBXHT3C3XH5F76801,29071.493
KL4CJASB9KB843968,20053.563416666664
5TDYK3EH4CS078182,14422.584
4S4WX83DX74404277,5808.614
4T1E31AK1LU536239,29663.8697547619
ZASPAKBN9L7C76891,49137.685
5J8TC1H5XLL017712,42899.69323571428
2C4RDGCG0JR346540,14534.489
5TDJZRFH7JS822899,30571.204
3D7KS28A27G801567,16831.144
1FTEW1E48LKF09753,52977.712389646455
YV140MTL7H2434540,28619.861
1FMCU0G64LUC21735,38417.129476675815
1HGCV2F97KA017165,31894.998166666664
3N1AB7AP9KY322313,16517.633
2T1KU40E59C092211,5781.723
MAJ6S3FL5KC269884,20090.260457647913
1FAHP3HN0AW232859,5810.999
MAJ6S3GL8LC362401,22809.279441919214
ZFBHRFAB2L6S00216,24554.55744177333
2T3WFREV6HW396850,21899.946
58ABZ1B15KU037099,40207.977
JF2SKAGC1LH610747,29489.240915584418
3GNAXUEV4LL313238,28578.476734762564
5XXGT4L31LG388734,18483.685100000002
1GB3GSCG0H1102017,48721.342211038966
2C4RC1CG2LR129641,27910.31308333332
1FTEW1E50JKF02947,40144.996752380954
1N6BD0CT8JN719307,17833.8705
2T2GA31U86C047978,5797.9
3GTU2VEC6FG223918,27632.061
5XYPG4A58LG692907,27252.373900000013
KL8CB6SA8KC711326,19624.552
5FNYF5H1XMB005208,38382.68568333332
1FTEW1E51KFA20367,30010.363
1G1FE1R74L0147162,38162.63285
5FPYK3F81KB026288,37509.079
1GKS2JKJ7FR161128,31243.42
2FMHK6DT1KBA16841,29419.837
5TDGZRAH0LS510136,42003.057002380934
2FMDK3JC1DBC73096,10055.665
LRBFXBSA5LD208684,34201.44709761904
1FTEW1EP0HFB28067,36612.289
1GCGTCEN0M1111272,40037.03970952379
2T3WFREV8JW468072,18592.286
WDCTG4GB6HJ318454,23856.495
MAJ6S3KL7LC358184,19575.607996825398
YV4A22PK1G1035486,27270.901
1FMJU1HT5LEA69282,58856.367418253976
1N4BL4CV9LC273378,25270.853300000002
1GCGTDEN6M1107488,34971.59991468253
5N1AZ2ASXLN165935,39300.92656666666
1G6YV34A555603015,13036.951
5GAKRBKD7GJ174034,22791.771
5J6RW2H5XLL029102,32958.033164653134
MAJ6S3GL2LC363074,23765.140077669537
1G1FH3D71L0146755,50205.03273333333
1GKKNXLS1LZ228299,47549.50406428571
KL79MRSL8MB032175,26025.368813492067
1FA6P8CF1L5150572,42492.71575
JN8AZ2NE3K9234288,46474.694
KMHD84LF6LU099353,20953.22416587301
5GAERBKW7KJ184103,28223.404
3GNCJKSB6LL295026,22069.770043290035
19XFC1F38LE019397,24339.795383549783
4S3BL616287214772,5139.119
WP0AC2A93FS183718,41352.389333333325
5YFBURHE9KP923412,15695.869
3GNCJKSB9LL307167,19760.58133564766
JM3KFACM6L1824795,28173.573206153545
JN1BJ1CV8LW271928,21775.81091031747
1FTER4FH2LLA24383,41250.33256904762
1G11Z5S37KU129727,20912.134
KMHTG6AF4LU024616,18089.678050000002
4T1C11AK1LU998698,30876.971353113553
3KPFL4A71JE242678,12776.848
4T1C11AK9LU383056,30294.204712265513
1G6DX5RK2L0134787,50968.7855987013
1GYKPDRS4LZ127974,63064.86331746032
1C4RJFBG5LC389514,37392.23467857143
2FMPK4K91LBA00731,33238.313751190486
4T3BK3BB2FU110863,22257.863
3GKALPEV5LL336070,28546.195383333332
1C6SRFET9KN733567,46740.251333333326
3GNCJLSBXLL279580,21923.179534523817
JM3KFBCM3L1819415,28741.276008225104
KM8K62AA5MU601215,20986.841411904763
2HKRM4H59GH680142,20009.677
1C4PJMDX9LD641395,37800.134399999995
1HGCV1F42LA112944,26413.39383333333
4T1C31AK8LU017065,29663.8697547619
5J8YD4H3XLL041933,49283.180666666674
1J4FA49S11P314231,14153.331
3C4PDCGG8KT783016,19213.459
5XYPHDA1XHG278366,23456.23
19UUA9F22AA008920,10561.285
KM8J33A46HU452548,16665.535
3FA6P0HD8HR247961,14274.128
5N1DL0MN7LC537090,48801.56792619048
LVY982AK7JP020176,23016.859
1C4HJXDN1KW588621,36717.384
2FMGK5D80JBA09766,21472.416
1C6RR7PT9JS203441,36393.817333333325
1HGFA16579L029069,7259.203
W1W4EBVY8LT030464,52772.56846666667
3FA6P0HD7LR145625,23247.991701334755
LRBFXCSAXLD033547,34638.761385714286
3N1CN8DVXLL901955,18648.19572539683
5XYZT3LB6JG531373,16584.001
KMHD74LF9LU105987,19626.488723809518
2C4RDGBG9LR184069,24839.035103174592
LRBFX2SA2LD178852,34724.87455674604
JF1GV7E68EG003500,11834.465
2FMPK4J93GBC65240,24401.404
2C4RC1BG3LR223531,40616.79532301586
W1W4EBHY6LT030054,53591.301966666666
JM1DKBD70G0116095,15929.336
2GCVKMEC9K1167202,35874.977
WBA7E2C54HG740525,38585.288
5XXGW4L28HG125078,19298.823
3G1BE6SM0JS641844,24400.093
3PCAJ5M10LF117245,43696.17433333333
5FRYD3H59HB014046,30135.394
5TFCZ5AN8JX164146,37773.914
19XFB2F87DE273625,11366.665
2HGFG3B55CH514217,9987.969
5FNRL6H71LB066789,39626.47972857143
3N1CN8DV6LL905548,17749.792166666666
1G1ZB5ST9LF156375,23203.353488953348
5GAKVCKD1HJ322469,29135.041
5FNYF5H58MB006215,38202.453299999994
WDDGF8BB3AF424044,9331.062
1GKS2DKL8MR104825,81829.62602976196
WBA73AK0XL7F94505,37571.76878571428
19XFC2F86LE208776,23187.235059523806
1FTEW1CP7LKE40499,36835.19593109667
5FPYK3F59KB028683,33826.226
MAJ3S2GE0LC348054,19830.833528571427
3KPF24AD5LE204933,20133.013548409926
4T3D6RFV7LU002349,33519.41751309523
1HGCV3F96LA011901,29425.22885
5NPD84LF3KH428930,13824.436
3N1CN7APXKL835034,13408.537
1N4AL2AP8AN557946,8670.119
JF2GTADC0JH337482,23441.9295
SADCL2GX6LA628523,55098.69883333333
1G8AJ55F06Z206770,4064.628
5S3ET13S182801515,8035.615
KNMAT2MT6JP604768,20057.14473333333
NM0LS7E25L1472457,40530.473586831955
WA1LAAF7XHD016631,29094.443
KMHD04LB6LU068950,25631.759
JTDKBRFU0G3013194,12961.673
MAJ6S3KL3LC341110,21839.053837085125
5NPD84LF6KH413743,14357.393
3LNDL2L33CR820311,12564.196
JN8AT2MT7JW456351,18818.686
JF2SH63669H755576,8375.033
1FADP3F20EL252091,9565.755
1G1ZD5ST1KF213015,23871.207949999996
3LN6L5LU1HR600918,21121.502
1C6RR7VT2FS585113,28352.811
ZARFANBN9K7611545,41621.31133333334
SALYK2EX2LA275813,53944.02041666667
KMHDU4AD3AU977587,5590.415
2G4GN5EX0E9223327,13016.242
JTEBU5JR3H5423480,34406.801
1FMCU0G66LUB89256,38033.549102380945
5J8TC2H58ML004979,45036.20733333333
1GYKNGRS2LZ228812,57628.17316666664
3C4PDCAB7LT218917,22122.667319047618
3GKALPEV9LL324326,28546.195383333332
1GCVKREH2HZ393655,31184.661
1GCPKPEX0AZ181282,9403.34
1C4RJFBG9EC150745,18671.498
1C6SRFJT4KN528597,36349.767
WVGBV7AX0HK017388,22099.254
4T1B11HK0KU719807,24572.472
3VW6T7AU4LM003736,27731.113184523805
1FTKR1ED5APA15764,9199.816
1N4AL3AP6FC448149,14394.461
5N1AT2MT6JC720412,20549.71772380952
3C4PDCBBXGT108206,10567.293
MAJ3S2GE3LC342376,24332.34106666666
1N6AD0ER2KN730219,23436.616
1FTEW1E43LFC33619,60858.1157972583
WBXJG9C08L3L81781,38604.62033333333
1FM5K8D86HGC13063,30065.332
JF1VA1A60J9802322,24786.293
KL7CJLSB5KB818631,17033.041049999996
JN8AT2MV2LW119655,27555.049069047614
1FTEW1EP1JFC83023,39200.71
3GTEK23359G259822,11864.966
1FADP3F26JL301854,15214.741
1C4HJXFG2LW333959,43245.52314285715
2HGFC2F81LH563683,23102.41881666667
1FADP3F25JL329046,13383.206
3GNKBBRA4LS555130,30632.6155
1C4HJXDN0LW267137,44185.17991666665
2G1WA5E38C1158000,8629.984
1FTEW1E49LKE95071,54548.57679440139
1FTEW1CF8HFB05985,32911.177
1G1BE5SM4H7266088,20845.737
3C4NJDCBXJT365331,22069.738
KMHH35LE0KU098761,15362.177
KM8J3CA44LU133545,27356.7659
3N1CC11E39L468389,5262.342
KNMAT2MV3HP599976,19916.797
2HKRM3H70FH545156,15927.507
3GYFK66N45G116132,11020.196
1C6SRFJT5LN347624,54349.52434004335
YV4A22RL5L1589100,61758.41933333333
1GC5YME7XLF321461,58606.971923870566
2GNAXUEV4K6112345,26334.241
3GCUYDET7LG444044,51890.046500000004
19XFB2F58CE008636,7830.304
5NPE24AF4JH601703,15769.421
JTHBJ46G282216349,9390.56
3GTP9AEH0LG434590,49694.666983333336
3GKALPEV9KL174037,19421.689
7FARW2H56JE019189,29298.074954761905
1J4FF28B49D211535,6436.692
3C4NJCBBXMT505121,28101.044910567205
1V26E2CA5LC212812,42904.32834166666
1GCFH154691131896,10582.462
3VV3B7AX9JM069197,21975.082
3KPF34AD6LE153536,20443.574816666667
WDBTJ56J46F198481,7385.351
19XFC2F5XJE207651,15417.836
1C6JJTBG9LL138949,52644.734
JTDS4MCE1MJ055830,26164.066193650793
1GT49RE72LF323467,60088.85528253969
3KPF24AD5LE251816,18687.740372222223
3C4NJDBB8KT713579,27504.662345779238
5J8YD3H88LL007902,50436.09824285716
3FA6P0MU7KR123645,25739.76
1FMJK1G54CEF13826,15584.981
5YFBURHE0KP931611,16751.975
1FTEW1C48LFB97784,45965.373
JTJHF10U220260555,4563.134
2HGFB2F53DH545955,11348.354
1C4PJLLB4LD624407,25815.650499999992
1GTG6FEN8M1120763,40788.22701666668
WDDHF8HB6AA231590,9362.102
1G1ZH5SX1HF188780,22612.2905
1D7RV1GP5BS652109,17269.219
1G1BC5SM6H7144984,20881.79
WBXYH9C03L5R77266,41130.581478571425
1C6RRFFG4KN799234,36857.931
1FTEW1E44LKD86114,43977.34653573234
1GYS4NKJ3FR649029,33204.329
