vin,price
5J8YD4H05LL032532,7000
KNAE45LC8K6050784,7000
5XYZGDABXCG149606,7000
1G1ZE5ST6HF197903,7000
KL4MMDSL6LB106699,7000
1FMJK1JT8KEA01413,7000
1FD8W3HT9LEC47909,7000
2FMPK4J93GBB49987,7000
3C63R3EL0LG264012,7000
1GC4YNE76LF322205,7000
5N1AT2MV9LC793052,7000
1FTEW1E57LFC48715,7000
4T1BF1FK6HU364073,7000
WA1BNAFY3J2034396,7000
JN1AZ4EH3LM822601,7000
2HGFC2F85LH559958,7000
1GTW7FCG7F1194269,7000
5NPD84LF0KH423636,7000
JTMD6RFVXLD006313,7000
1ZVBP8AM8E5295019,7000
WAUG8AFC1HN124613,7000
2C3CDZAG8LH161671,7000
1GYS4GKJ1LR252703,7000
1FTFW1EG3HKE07623,7000
2T2JGMDA8LC054405,7000
1C4NJRFB5GD637260,7000
2T2AZMDA5LC238064,7000
SALSF2D45CA739985,7000
1G1BE5SM6J7132706,7000
2GNALPEK3D6268320,7000
1GTG6CEN7H1256354,7000
JTDEPMAE0MJ128824,7000
5TDXZ3DC8HS823665,7000
3GNAXHEV2LS715210,7000
1FTEW1E58KFA74202,7000
JF2SJAEC6JH587372,7000
1GCRCPEC3FZ204659,7000
3N1CP5BV9LL530248,7000
1C6SRFJT5LN349440,7000
1HGCV3F98LA008563,7000
5YFBURHEXJP841333,7000
LRBFX3SX4LD122034,7000
KNMAT2MV0LP539291,7000
3LN6L5E99LR603888,7000
1GC1KXCGXBF101479,7000
2HKRW1H28LH404799,7000
WVWJK73C88E109527,7000
WP1AA2AY3LDA10339,7000
1FMCU9GD3JUC37330,7000
5TDGZRBH4LS516195,7000
JM1DKDC73J1324292,7000
JTEZU14R460079669,7000
1C4RJFAG1CC156277,7000
5NPD84LF2KH447940,7000
3GNCJPSB1LL217086,7000
2T3H1RFV8LW100922,7000
KNDJT2A59C7467334,7000
MAJ6S3KL5LC389546,7000
19XFC2F54HE057692,7000
ML32A5HJ1LH005040,7000
3CZRU5H78GM705981,7000
1G1105S37JU148349,7000
WDAPF1CD3GP202529,7000
5FNYF8H25LB014987,7000
JN8AT2MV1LW135927,7000
5J6RW2H29LL006349,7000
3FA6P0CD6LR218247,7000
3FA6P0H71HR260464,7000
LRBFX1SA7LD078885,7000
JTMWFREV8HD103530,7000
5N1AT2MV8LC797500,7000
1FTEW1E49LFB75063,7000
3KPC24A64LE126116,7000
3N1AB7APXJY267272,7000
1FMCU9JD6HUD02044,7000
1G6DM5RK2L0146138,7000
1FTEW1CP0LKE35998,7000
5N1AT2MV4LC777812,7000
KL4CJASB1JB637591,7000
2C3CDXHG6KH512439,7000
WA1BCCFSXJR006633,7000
KL7CJNSB7LB064077,7000
2G1WT58KX89176570,7000
KL7CJKSB5LB038267,7000
JM1GL1UM8L1522883,7000
2T1BURHE3KC238290,7000
19XFC1F73LE218425,7000
4T1B11HK7KU766185,7000
1C4BJWEG2GL181755,7000
1G6AX5SX4E0165115,7000
3C4NJCBB3MT505865,7000
5TDDGRFH4KS067490,7000
3HGGK5H48LM722669,7000
JM3KFBCM5L0794717,7000
1GT121C80BF210443,7000
4S4BSAFC0H3403427,7000
3GKALPEV5KL194348,7000
2GKFLTEK9H6239924,7000
WA1B4AFY5L2039430,7000
WDDZF4JB7HA266320,7000
3FA6P0HD2LR261038,7000
3C4NJCBB8MT518157,7000
1G1ZG5ST6LF153368,7000
WAUANAF48HN064854,7000
1GKKNULS2LZ231730,7000
3GCUKREC1FG302470,7000
2C3CCAGG3JH267597,7000
SCFRMFAW3LGL09248,7000
3KPA24AD1LE334136,7000
JTEBU5JR3J5561722,7000
ZN661XUS6HX222524,7000
1G1PE5SB8E7365819,7000
1FA6P8CF3K5152712,7000
1NXBR32E16Z701670,7000
1FMCU0G63LUB57011,7000
JF2SJAWC1JH428046,7000
JTEBU5JRXA5014351,7000
1D8HB58D14F142735,7000
JF2SKAUC2LH587595,7000
3GNCJLSB5LL310685,7000
1C4HJXDG1KW536391,7000
3VV2B7AX6LM003754,7000
3N1CN8EV0LL823779,7000
JTJBM7FX6H5155402,7000
7FARW2H59KE047828,7000
5N1AT2MT6FC914123,7000
KL7CJPSB8GB536739,7000
1FTEW1E52LFB96569,7000
5N1DL0MMXLC523921,7000
1C6SRFHT4KN517654,7000
JN8AT2MT8LW017131,7000
3FA6P0HD1HR376950,7000
2CNFLEEC6B6371378,7000
5J8YD3H30JL008902,7000
1FTEW1EG0GFA42711,7000
SALTY19454A839636,7000
1HGCV2F54LA024816,7000
1GTU9FEL1LZ324474,7000
JF2SH6CC4AH764464,7000
1GKKNMLS2LZ194825,7000
ZFBCFYDT0GP501036,7000
2G1FC3DD7B9209737,7000
1C4RJFAGXLC413856,7000
KM8J23A42KU895936,7000
5XYPGDA36LG679989,7000
4T1B11HK9KU191538,7000
1HGCR2F35HA130072,7000
3VV3B7AX6JM019888,7000
5NMS2CAD7LH178191,7000
KMHD84LF1LU003547,7000
3GCNWAEH2LG345507,7000
3KPF24AD2LE194278,7000
2HGFA16529H304781,7000
WBAWC73528E064392,7000
2T3DFREV7FW303208,7000
3HGGK5H85LM725063,7000
KL8CB6SA6LC457701,7000
ZACNJABB6LPL57668,7000
1V2NE2CA3LC211895,7000
1V2YE2CA1LC223427,7000
KL4CJESB8KB832869,7000
1N4BL4BV7LC214184,7000
1C4RJFBG7LC341397,7000
SBM22GCA3LW000602,7000
2T1BURHE2HC914723,7000
5GAKVCED2BJ314173,7000
3VWG57AU7LM011859,7000
4T1BF1FK9HU433922,7000
3GCPCREA1CG307365,7000
1C4PJLCB5LD648974,7000
5XXGT4L35KG337316,7000
1FMHK7D88BGA49099,7000
2T3DFREV2JW849858,7000
3KPC24A3XKE049417,7000
WBAJE5C33HG916082,7000
YV4A22RKXK1328826,7000
1GKKNPLSXLZ203854,7000
KNAE15LA8J6016124,7000
3HGGK5G40JM702222,7000
3GKALSEX2LL295756,7000
2G61M5S38H9162797,7000
1N4AZ1CP1LC301636,7000
1GYS4CKJ3LR301196,7000
1C4RDHAG9LC325044,7000
3GNAXKEV0LS509901,7000
5TDYZ3DC3LS022462,7000
1FTMF1C55KKD93241,7000
3GKALVEV1LL302213,7000
1GNSKTKL6MR113391,7000
KL7CJLSB3LB089594,7000
1FMCU0GD4HUC76952,7000
KMHD84LFXLU013154,7000
1FMCU0G60LUB38884,7000
W1K3G4EB7LW043784,7000
1FT7W2BN4LEE30414,7000
MAJ3S2GE1LC318058,7000
4S4BRBAC5A3322115,7000
1FMSK8DH3LGB65291,7000
1GKKNULS3JZ216487,7000
JTMWFREV3GJ065401,7000
JTDKARFUXL3118547,7000
1GTG5CEN0M1121956,7000
1GTG6EEN4M1120656,7000
KL4MMDSL3LB128451,7000
1GCGSBEN4M1112177,7000
2HGFC2F61LH502445,7000
1C6HJTAG9LL211320,7000
1GYS4HKJ6LR305921,7000
SADCK2FX5LA657046,7000
3GTU9DED7LG400857,7000
WMWZB3C53DWR35751,7000
JTDS4MCE0MJ056306,7000
3GCPCSEC9HG399891,7000
1ZVBP8CF1D5200328,7000
4S4BTAEC1L3252945,7000
3GTU9DED2LG252794,7000
JTMY1RFV1LJ022157,7000
1HGCV1F44LA105980,7000
1GTR2VE77CZ176967,7000
1FMSK8DH8LGC72059,7000
1C4RJFAG3LC398455,7000
1GYS4KKJ4JR203608,7000
KL7CJLSB8LB093124,7000
1FMJK1HT5LEA61964,7000
4JGDF6EE6FA614136,7000
1FTEW1EG2HFC28834,7000
4T1BF1FK6GU547858,7000
JF1VA1J69G9801307,7000
1FTEW1E54KKE09107,7000
SALCJ2FXXLH857046,7000
5TDGZRBH6LS044839,7000
KMHD74LF7LU948585,7000
5N1AT2MT2KC773691,7000
5FNYF5H24MB001924,7000
1FMJK1PT7LEA51387,7000
MAJ3S2GE2LC329442,7000
WDZPE7CC1E5864905,7000
1G6DT5RK2L0151245,7000
1FMCU0EG7CKB62719,7000
3N1AB7AP0KY293378,7000
1FMCU9G63LUA94531,7000
KM8K3CA54LU507861,7000
KMHL34JJ1LA011618,7000
1FM5K7B87FGB94484,7000
1GYS3BKJXLR180809,7000
1V2PR2CA1MC517542,7000
1C6SRFFT1LN359374,7000
1FTER4EH7LLA50477,7000
KNMAT2MT5LP525000,7000
SALVP2RXXJH269812,7000
2FMPK4G97HBC68828,7000
WDDZH6JB0LA723158,7000
3FA6P0H71GR305319,7000
WA1JCCFS9JR001659,7000
JTMBFREV7JJ745906,7000
JNKBV61F58M272594,7000
3GKALTEV9JL297280,7000
4S4BTAEC7L3261813,7000
19XFC2F68LE211855,7000
3N1AB61E77L717832,7000
1FADP3K24HL293835,7000
5GAEVAKW8LJ107120,7000
3VWCB7BU9LM072927,7000
1FA6P8TH8H5205429,7000
ZACCJBCT9FPB31569,7000
WMWXU9C03M2N29405,7000
1FTMF1C52KKD38391,7000
3FA6P0HD0LR107136,7000
5XYPK4A55LG702551,7000
2GKALMEK2H6153841,7000
1GYS4DEF6DR370284,7000
1GCUYGED3LZ338765,7000
1N4AL3AP4JC259489,7000
2B3KA33V79H582090,7000
1C4RJEBG0LC403880,7000
JN8AT2MV2LW137766,7000
KL7CJLSB4LB053655,7000
1GKKNRLS8LZ164712,7000
1C4RJFBG8LC385263,7000
1N4AL3AP8DC902723,7000
1C4RJFBG7HC873403,7000
ZARFAMAN1L7626473,7000
4S4BSANC0K3363214,7000
3GKALXEXXLL325390,7000
JNKCV64E68M120024,7000
JTDS4MCE9MJ055039,7000
1C4HJXFG8LW119803,7000
1HGCR3F96EA028656,7000
JTEBU5JR2F5255487,7000
JA4AZ3A33LZ011248,7000
1FMCU9H60LUB06309,7000
19UUA8F57DA009876,7000
WAUL2AF20KN051605,7000
1C6RR6FG5HS786504,7000
WDDUG8CB3FA199370,7000
3GNCJPSB6HL207144,7000
2HKRM3H77FH535286,7000
W1KWF8DB1LR593764,7000
1FA6P0HD6E5350536,7000
1FMCU9F66LUB58370,7000
1C6SRFFT3LN420451,7000
1FM5K8HT3JGA81030,7000
KL7CJPSB6MB306743,7000
JF2SKAGC6LH601705,7000
LRBFXCSA7HD040091,7000
KMHCT4AE7DU306757,7000
ML32F3FJ7LHF10642,7000
1C4RJFCT9LC277391,7000
1GNERFKW3LJ266408,7000
7FART6H89LE017708,7000
3N6CM0KNXLK701567,7000
1FMSK8DH2LGB49650,7000
1FM5K8GC4LGC71424,7000
JTMR6RFV9LD004039,7000
3VW2B7AJ9HM337288,7000
1FTEW1EG6LFB45464,7000
1FTEW1E50LKE57088,7000
3GKALTEV9LL297296,7000
KMHRC8A37LU045273,7000
1GKS2DKL0MR151251,7000
1FMCU9DG5CKB54768,7000
KL4MMDS27LB087121,7000
ZFBHRFBB7L6P33001,7000
KNDJP3A59K7021581,7000
1C4HJXDN4MW514564,7000
YV4102PK8L1612157,7000
ML32F4FJ3LHF07016,7000
1C6HJTFG2LL183112,7000
JN8AT2MVXLW133707,7000
1FTEW1E44LKE71664,7000
4S3BWAN66L3017155,7000
1C4PJMLN8LD655952,7000
2C4RDGCG8KR543456,7000
KL4MMESL7LB095525,7000
1FMCU0GD3HUD92336,7000
3GKALTEV9JL347790,7000
1FMCU0GX9DUB94249,7000
1C4RJFAG0LC384612,7000
5NMS23AD4LH141485,7000
4T1G11AK3LU997912,7000
1C6RREJT7LN306565,7000
2HKRW2H86LH667271,7000
1C4RJEBG3LC428434,7000
3C7WRSBJ5KG671246,7000
1FADP3K25JL252166,7000
1FMCU0G68LUB99514,7000
3VWGB7BU9LM072346,7000
2T3F1RFV3LC129544,7000
LRBFXCSA0KD105726,7000
1HGCS1B87CA018883,7000
1HGCR2F31EA165042,7000
1C4BJWEG9GL161342,7000
WAUHGAFC5EN106327,7000
5J6RW2H83KL004535,7000
WAUAFAFL5FN018643,7000
1FMCU9H67LUB62537,7000
1N4BZ1DP3LC306422,7000
3N1AB7AP3KY302767,7000
WAUGFAFC6FN003823,7000
JN8AT2MV4LW144394,7000
KNAFG526077119461,7000
2GNAXSEV0J6338269,7000
1C4RDHDG4JC114116,7000
JN8AT2MV3LW118269,7000
3C4NJDBB8JT115006,7000
2GNAXHEV3L6261175,7000
1G1ZE5ST6HF110470,7000
1N6AD0ERXKN796050,7000
JF2GTHSC8MH219700,7000
1GNSKBKC0KR375950,7000
3VW447AU7HM016301,7000
5FNYF6H91HB019712,7000
1N6AA1E52HN539548,7000
1GCRYAEF3LZ277213,7000
WDCTG4GB7KJ610086,7000
5J6RM3H93FL026416,7000
3C63RRGLXKG578653,7000
KM8R5DHEXLU171668,7000
5NPEF4JA1LH009848,7000
WMWXR3C06M2M91862,7000
19XFC2F65LE207343,7000
1C6RR6LT8GS101525,7000
1FMCU0H65LUA67065,7000
1C3CCCFB0GN189250,7000
1FAHP2F86KG115581,7000
3CZRU6H95LM729706,7000
1FMCU9DG7AKC79851,7000
5NMS33AD1KH039394,7000
2T3RFREV7HW686852,7000
1C4RJFBG6GC478580,7000
3GNAXHEV3LS677907,7000
KNDCB3LC5L5393726,7000
2T3RFREV0HW641865,7000
JF1VA1C63L9819406,7000
5NMS33AD9LH249467,7000
1GKKNLLS4LZ233621,7000
1C6SRFFT3LN409191,7000
SJKCH5CP8JA053694,7000
JN8AZ2NE8H9155255,7000
1C6SRFHT3LN332187,7000
2C3CCAGG5GH208740,7000
1GKS1AE00ER127102,7000
3PCAJ5M1XKF126338,7000
2GNALBEK4H1598327,7000
WVGBV7AXXGW593531,7000
2GNFLFE32G6100519,7000
WP1AB2AY2LDA28084,7000
2GNAXJEV5J6352520,7000
1N4AL3AP3HC223903,7000
1HGCP2F33BA077451,7000
1GYS4CKJ3LR124746,7000
1FMCU9GD7JUB45718,7000
1C6RREFT7KN745854,7000
KM8J33A21GU222297,7000
5XYZT3LB3EG145175,7000
2G4WS52J011212776,7000
3GTU9CED8LG346110,7000
2HGFC2F83KH514080,7000
3GCUYHED9LG427858,7000
JM3KFBCM1L0840740,7000
1FD7W2A68LEC50861,7000
WDDZF8DB9LA718022,7000
1C4RJFBG1HC885997,7000
2C4RC1AG0KR667885,7000
3GNAXHEV6LS657974,7000
1GKKNMLS2HZ272074,7000
1GCGTEEN7J1161674,7000
KM8J3CAL2KU948817,7000
1GNERGKW9LJ297362,7000
1FTER4EH3LLA54266,7000
1GNEVNKWXLJ186559,7000
5NPDH4AE8BH054115,7000
JTEZU5JR9F5095252,7000
4JGDA7DB3DA143880,7000
1FTFW1E48LKE27932,7000
1GCJK33133F209898,7000
WBAJS3C00LWW67189,7000
JTHG5LFF1L5011012,7000
KNDPMCAC7L7834596,7000
JTMP1RFV6KD516121,7000
1FMSK8DH4LGC81101,7000
JM1BM1L79G1308106,7000
1N4AL2AP3CN514151,7000
1FTEW1CP1LFB80562,7000
1FTER4EH7LLA08584,7000
3FA6P0LU7KR100710,7000
3FA6P0LUXLR267192,7000
SALGS5FE0HA342149,7000
2CNDL63F666126838,7000
5J8YD4H38LL036360,7000
4S4BTAEC9L3256516,7000
WBA3N7C56FK225516,7000
1FMCU9G61LUA90137,7000
5TDDZRBH5LS019269,7000
1G1ZD5STXKF161111,7000
1N4BL4BV2LC266547,7000
2FMPK4AP1JBB81780,7000
5FNRL6H56LB065653,7000
NM0LS7F28L1454985,7000
5NMS53AAXLH252961,7000
1FA6P8CF8G5229985,7000
2FMPK4J99LBB09293,7000
1G6DS5E31D0176835,7000
1C6SRFHM1LN415075,7000
ZARFAMBN8L7630941,7000
KNDPM3AC3M7856600,7000
1C4AJWAG4FL538899,7000
2C3CDZAG0KH669602,7000
1GC4K0E80GF224273,7000
5J8YD3H80LL008932,7000
1FMCU9H96LUA35188,7000
4T1FA38P28U157362,7000
4T4BF1FK6GR555433,7000
KL79MSSL9MB024321,7000
1FMSK7DH6LGB38709,7000
JN8AT2MV3HW250116,7000
1FTER4FH6KLA82205,7000
ZARFAEEN9H7544191,7000
JN1EV7ARXHM835110,7000
WBA5U7C00LA234682,7000
1FTEW1E54LKE78333,7000
1C4PJMDX8KD463574,7000
3C6UR5FLXJG216707,7000
5N1DR2MM3HC662404,7000
1FMCU0DZ2LUC07315,7000
1FMCU9F61LUB85749,7000
5N1DL0MN4LC500434,7000
2C3CDXGJ5JH237142,7000
3C6UR5FL7LG147011,7000
5J6RE48388L049059,7000
1GCRYDED5LZ201976,7000
1HGCV1F33LA049439,7000
2FMPK4K95KBB89012,7000
4S3GKAV65L3612080,7000
5FNYF6H07MB011903,7000
1GYKNCRS3HZ197490,7000
3VWEF71K07M138834,7000
SAJWJ0EF8E8U31846,7000
4T1BE46K57U508831,7000
1C6RR6LTXDS698981,7000
3GKALPEV4KL253065,7000
5XYZT3LB9HG493048,7000
KL8CB6SAXLC479653,7000
5FNYF4H54BB042460,7000
SALCR2BG8HH704929,7000
5XYPG4A3XHG267534,7000
1FTEW1E46KKC81881,7000
1C6HJTFG0LL216592,7000
1FADP3FE9JL307271,7000
1FMJK1MT4LEA61475,7000
W1N4N4HBXMJ162310,7000
JM1GL1XY9L1524334,7000
1FMSK8DH0LGC39721,7000
2C3CDXCT8JH290036,7000
3KPA24AD8LE336692,7000
WDDZF4JB7HA257178,7000
3KPF34AD1LE261675,7000
KNDJH741095035808,7000
JN1EV7EK9HM362040,7000
1VWBV7A36FC046240,7000
5NPD84LF9LH595858,7000
1FTEW1E51KKD51151,7000
5J8YD4H39LL036237,7000
JN1BJ1CP2HW020346,7000
WMWXJ1C07L2L90243,7000
1C6RR6FT1FS635329,7000
1FADP3FE3HL283057,7000
5UXCY4C02L9D43435,7000
1C6RRFJG5KN729037,7000
4T1M11AK5LU373161,7000
1C4RJFJG3LC436010,7000
19XFC2F62LE212547,7000
2GNFLHEKXF6133348,7000
2C3CDZBT0HH613745,7000
1C6RR7MT7ES359455,7000
1GKKNXLS7LZ119409,7000
1FMCU9G6XLUA90136,7000
1FM5K8HC3LGA82648,7000
5NPD84LF0LH619626,7000
WBAJA7C32HG906876,7000
1FMJU2ATXKEA50984,7000
2G11Z5S3XK9134899,7000
1GTW7AFG5L1254155,7000
3KPF24AD5LE164787,7000
5FNRL6H79JB024156,7000
WUAWAAFC2HN904268,7000
3GNDA13D88S598868,7000
5FNRL6H55LB073162,7000
2T3P1RFV1LC090618,7000
2C3CCAAG6GH358378,7000
5N1AZ2CJ6LN158579,7000
KM8J3CAL5LU280626,7000
4JGDA5HB5HA907488,7000
JN1BJ1CR3HW136110,7000
2HGFC1E51JH702872,7000
1FTER4FH7LLA24492,7000
W1KUG8JB7LA562722,7000
1HGCV1F36LA115174,7000
1G1BE5SM3K7122152,7000
KM8J2CA46LU240129,7000
5GADV33L86D116737,7000
1FTEW1EP2LFC56030,7000
5N1DR2AN3LC613659,7000
5UXKR2C31H0X07151,7000
5YFEPRAE4LP054587,7000
1C3CCCBBXFN702850,7000
1FMSK8DH6LGC88020,7000
1HGCV1F34LA126173,7000
2T3BFREVXFW378458,7000
1FTEW1E49LFC72957,7000
1N4AA6DV1LC379433,7000
3C6UR4CL7KG517841,7000
5FNYF6H53HB052255,7000
3C3JY45X77T604950,7000
1G1ZH5SX5GF267058,7000
1FTER4FH2LLA63166,7000
1FAHP60A72Y114422,7000
W1N0G8EB6LF815401,7000
3FA6P0HD7JR167752,7000
1J4AA2D15BL528726,7000
2C3CDXL9XJH113007,7000
3N63M0ZN4GK692683,7000
1FM5K7D87EGC10016,7000
1C4PJLCB5LD634380,7000
4S4BTAEC3L3265678,7000
3C4NJDCB5LT234195,7000
5GAERBKW5LJ201675,7000
3C4NJDBB1MT506891,7000
3KPC24A66LE126666,7000
2GCEC13T361147340,7000
4S3BWAC61L3013761,7000
3GCPWBEK2LG202308,7000
WA1VWBF72LD013408,7000
3C4NJDBB0LT239516,7000
5YFBURHE1JP745249,7000
1FTEX1EP8LFC05659,7000
5XYPG4A51LG693770,7000
1C6HJTAG8LL126470,7000
1GYKNBRS8HZ119880,7000
1FA6P8TH7L5172870,7000
1GCRYEED1LZ293948,7000
1GNSKHKC9KR140689,7000
JTNK4RBEXK3021073,7000
W1K2J5JB9LA074234,7000
KL4MMDSL9LB110018,7000
3MZBPBCMXLM131367,7000
1GNSKHKC2LR284618,7000
1C6SRFFT0LN398473,7000
3C63RRJL6KG602116,7000
JM3KFBCL4H0105524,7000
JTHCL5EF8H5029354,7000
1G1FJ1R65K0155160,7000
ZASPAKBN3L7C75185,7000
KL7CJKSBXLB330710,7000
55SWF4JB4JU256093,7000
5FNYF5H58MB003220,7000
KNDMC5C1XM6661211,7000
3GCUKSEC6EG316029,7000
JM3KFBBM4J0467563,7000
KNDJN2A22J7574383,7000
3VWG57BU1LM078987,7000
KMHD84LF9LU099377,7000
3GNAXJEV9LS600434,7000
2LMPJ6K93LBL28767,7000
1FMSK7DH2LGC89739,7000
LRBFX3SX1LD019797,7000
1G1PA5SG8E7195310,7000
WDDHF8JB7GB244698,7000
5N1DR2MN0KC627917,7000
2HGFC2F51JH502840,7000
3C4NJDBB0LT209917,7000
3N1CN8DV3LL884206,7000
1FT7W2B61KEC41033,7000
JN1BJ0RR8HM402377,7000
1FMJK1KT0KEA28104,7000
1GNERHKW3LJ303887,7000
WP1AA2A50JLB12223,7000
1GTW7AFG6L1254391,7000
3LN6L5MU0HR650899,7000
1GTG6FEN9M1100246,7000
3KPF24ADXLE202871,7000
3VV0B7AX0LM163586,7000
JH4KC1F5XLC000260,7000
5N1DL0MN7LC538692,7000
1FTEW1E51LFC52078,7000
1C3CDFBB6GD624783,7000
1C6SRFLTXLN378610,7000
1V2LP2CA7MC519915,7000
1C4NJRFB2HD195474,7000
1FTEW1E44LKD11509,7000
3FA6P0T97HR173435,7000
5UXWX7C52BLT78598,7000
KL8CC6SAXLC479004,7000
1FMSK7FH2LGB47159,7000
JM1BPBLM0L1165673,7000
3C6UR5DL5LG104631,7000
1FTEX1CB4LKD47540,7000
1FM5K8AB1LGD08994,7000
5NMS2CADXKH087656,7000
ZN661YUS5LX346136,7000
KL4MMDSL4LB115045,7000
4T1G31AK4LU542030,7000
1GYKNDRS4HZ214514,7000
JF2SH6DC7AH795044,7000
JM3KFBEY8L0853873,7000
3LN6L5A99HR647886,7000
2C4RDGBG4LR231816,7000
2GKFLVE30G6212727,7000
4T1BD1EB6FU038231,7000
NM0LS7E21L1439276,7000
1FTEW1C59LFA41942,7000
5XXGN4A75FG426387,7000
KL8CD6SA2LC479754,7000
1GNERJKW8LJ289945,7000
KNDEUCAA4M7120450,7000
1FTEW1CP2LFB51068,7000
ZACNJBAB4LPL47969,7000
1FTFW1RG9JFE71223,7000
1FTNE1EW6ADA63589,7000
4S3GKAV69L3607206,7000
2C3CDXFG0HH529507,7000
JM3KFADM0J1388232,7000
3GTP9CEK9LG398129,7000
4S4BSANC1K3370446,7000
5UXKR2C5XE0H33988,7000
1GNERFKW8LJ276058,7000
3GTU2UEC8FG444673,7000
19XFC1F74LE209068,7000
WBAVC73528KX90475,7000
2C4RC1BG2KR597059,7000
1FTER4EH9LLA44812,7000
2C4RC1FG0LR264094,7000
1FTFW1RGXLFC75195,7000
1FT8W3BT7BEC44048,7000
1GTG6DE33G1317430,7000
1GNSKCE04BR240946,7000
1N4AL3AP0HC472577,7000
1G1ZB5ST6LF136553,7000
1C4PJLLB0LD640491,7000
3C6TRVDG2LE127794,7000
1C4RJFAG8HC814880,7000
1FTEW1E4XLFC83983,7000
JM1DKDC72H0163157,7000
1GAZG1FG5E1183872,7000
2C3CDXGJ3LH202666,7000
WDDWF4KB2HR282850,7000
1FM5K8D84DGA28875,7000
W1KZF8EB3LA827834,7000
3C63R3CL8LG232721,7000
3FA6P0PU6HR276781,7000
2T3BFREV2FW335958,7000
JTDEPRAEXLJ022019,7000
1FMJK1MT3LEA37832,7000
1N4BZ1CP1LC304976,7000
5NMS23AD1LH272745,7000
1G1BE5SM6K7145148,7000
3D3HA18H85G820143,7000
YV4BR0CL5M1672153,7000
3PCAJ5M36LF113346,7000
5J6RW2H52LA016517,7000
4JGFB8GB0LA272830,7000
4T1BF1FK6HU731585,7000
1FM5K8GC4LGA32214,7000
1FBZX2YM7KKB05314,7000
KM8SC73D05U866624,7000
SAJAD4FX9JCP26462,7000
1FTEW1EP6LFC20728,7000
5TDZARFH9KS043659,7000
1C6RR7LG6JS147516,7000
5FNRL6H90KB078173,7000
3VWCB7BU1LM066412,7000
NM0LS7E22L1472190,7000
W1N4N4HB4MJ152551,7000
19XFB2F53EE205264,7000
1G1ZE5STXHF125733,7000
2T1BURHE1EC020191,7000
YV1960BW2A1153105,7000
3N1AB7AP4HY348987,7000
1FTYR10D53PA91554,7000
W1N4M4GB3LW015994,7000
JTNKARJEXJJ566243,7000
2T3BFREV7HW571590,7000
KNDMB5C19H6309696,7000
1FTEW1E59LKD74100,7000
5J6RW1H98LL009928,7000
1GNEK13T35R259149,7000
4S4BRBKC3D3301993,7000
1FTER4FH1LLA35018,7000
3VW6T7AU3LM014050,7000
1G6AA5RA7G0181038,7000
1FMCU0H65LUB12697,7000
1N4BL4BV7LC229493,7000
1GNSKBKC4HR319129,7000
3GNKBJRS7LS693943,7000
LRBFXBSA5HD179081,7000
1FT7X2B63LEE14498,7000
WMWXP5C33H2G60501,7000
YV4162UMXM2407486,7000
1FTFX1E49LKE53842,7000
3FA6P0K9XER323325,7000
W1N4N4HB1MJ114369,7000
1J4GL58KX6W141344,7000
1FA6P8TH1L5129464,7000
1J4BA3H18BL529308,7000
1GYKNBRS5HZ109064,7000
5J6RM4H77GL032418,7000
NMTKHMBXXLR113277,7000
1G1ZE5ST1HF285306,7000
LRBFX3SX7LD156548,7000
2G1WT55N181264369,7000
1FTEW1EG0JFE73640,7000
1C4PJLDB5GW200422,7000
3VWCB7BU4LM068512,7000
KNAS24J63L6021226,7000
1C4PJMBXXKD298517,7000
3VWRZ71K39M170057,7000
5XYPG4A58KG559532,7000
2GNAXHEV3L6196974,7000
MAJ3S2GE7LC331980,7000
3GKALMEV0LL132047,7000
1FM5K8GC7LGB71429,7000
5FRYD3H30HB008828,7000
4T1BF1FK4HU757263,7000
1V2DR2CA1JC546814,7000
YV1102EM9L2374847,7000
JM1GL1VM2L1522389,7000
1GNEVHKW5JJ107247,7000
3C4PDCAB2LT243580,7000
1GNEVJKW2LJ226190,7000
1J4BA5H18BL520524,7000
1C6SRFHT4LN383391,7000
JTJDARBZ1L5012676,7000
1C6RREFT2LN405951,7000
5NMS33AD3LH236701,7000
KM8K2CAA9MU604085,7000
JM3KFBCL3H0160482,7000
WAUHMAF44LA048426,7000
3FA6P0T90LR165041,7000
5TDYZRAH6LS027447,7000
1FTFX1EF0DKD63059,7000
KMHDH6AH6EU028639,7000
3C6UR5SL8LG202135,7000
5UXZV4C53D0E00844,7000
JM3KFABM3L0859561,7000
MAJ3S2GE3LC341745,7000
4T1B11HK6KU234975,7000
1GCHC29638E135467,7000
KNMAT2MV4HP537373,7000
KNDJP3A54H7501021,7000
19XFC2F54HE070264,7000
3VWDX7AJ2DM424955,7000
3GTU9DED3LG434763,7000
3LN6L5LU6LR620025,7000
4T1B11HK6JU158351,7000
5N1DL0MN1LC505963,7000
1N4BL4BV4LC202929,7000
WBA8E1G34HNU17532,7000
5FNRL6H75KB118942,7000
1C6JJTBGXLL196262,7000
2C3CDXHG8HH536881,7000
2HNYD28458H516995,7000
3FA6P0HD8FR224063,7000
5GAERBKW1LJ273845,7000
3GNCJLSB9LL257537,7000
5LM5J7XC2LGL24535,7000
7FARW2H99LE006703,7000
1GYKNBRS6HZ243355,7000
JM3KFBDM8L0842466,7000
1G1ZD5ST7LF132618,7000
3GTU9DED9LG435562,7000
JTDBL40E09J016189,7000
2C4RDGBG3JR244991,7000
5N1AT2MT1LC786286,7000
1N6AD0ER5KN775431,7000
KL4CJESB0JB578864,7000
KNDPM3AC4M7866780,7000
1HGCV1F17LA114419,7000
3C4PDCGG3HT677775,7000
1FTPX14V69KC90140,7000
3C4PDCAB4LT219152,7000
5GAERBKW3LJ279310,7000
3VWCB7BUXLM074749,7000
1C4RJFBG8LC386672,7000
5TFAZ5CN9JX056025,7000
3C4NJCBB2KT685952,7000
1GTG5CEN5L1118484,7000
3VV2B7AXXLM168268,7000
1D8GT28K89W542725,7000
1GYKNDRS0HZ313525,7000
1FTEW1EP0LFB03937,7000
1G1ZD5ST0JF106813,7000
JTEBU14R968068797,7000
3FAHP0JA5AR430989,7000
1C6SRFFTXLN359342,7000
JTHHA5BC8H5005321,7000
1GCGSBEN6L1250107,7000
3HGGK5H42LM725535,7000
JN8AY2NC1J9553477,7000
5GAKRDED6CJ259898,7000
3FA6P0G79LR233328,7000
5TDZA23C75S365530,7000
5LMJJ2LT1LEL15540,7000
1N6AD0ER2KN775614,7000
KL4CJESB4LB029218,7000
1C6RR7GT0FS624987,7000
1C4HJXEN7LW232383,7000
58ABK1GG7HU071118,7000
1C4RJFAG9EC415049,7000
1C6RREHT3LN374013,7000
3LN6L5E92LR619740,7000
1C4SDJCTXLC432431,7000
5NMS53AAXLH249512,7000
KMHRC8A31LU022801,7000
WBA8A3C57JA494939,7000
KNDPBCAC6E7642305,7000
4T1M11AK8LU387507,7000
1G6KD54YX2U253061,7000
1GCRYDED6LZ365012,7000
5NPEH4J28LH013544,7000
5N1AT2MV1LC800480,7000
3GTP9CEK7LG377439,7000
KL7CJNSB7LB319231,7000
JHLRD68454C013677,7000
WAUBEGFF3LA061966,7000
2FMPK4K98LBB15830,7000
19XFC1F32LE217652,7000
3VWCB7BU8LM074183,7000
1N4AA6AP9HC403720,7000
2C3CCAEG5KH533559,7000
1VWBT7A3XEC098409,7000
5FNRL6H9XMB008800,7000
1C6SRFFT3LN349008,7000
1C6HJTAG6LL186554,7000
JTMDJREV0GD004754,7000
3GCUYDED6LG299295,7000
1FMCU0GD9HUE03422,7000
JM3KFBCM1L0857750,7000
KNAFX4A88F5266053,7000
KL4CJCSB4GB574104,7000
3N1CN8FV9LL803979,7000
KNAGT4L35G5071336,7000
3CZRU6H55LM732716,7000
JTDEPMAE2MJ124502,7000
3GCUYEEDXLG433120,7000
WA1LAAF78HD006096,7000
KM8J33AL4MU284393,7000
2T3RFREV9FW363979,7000
KM8J33ALXMU329448,7000
2C3CDXBG3KH657575,7000
5LMCJ1D92LUL22864,7000
1FM5K8D83GGC88706,7000
2T1BURHE7JC118734,7000
5FNYF6H32MB007364,7000
3MW5R1J03L8B15859,7000
1C4NJPBA2GD813957,7000
JN1AR5EF8BM240318,7000
2C4RDGCG3DR651311,7000
3CZRU5H1XLM716048,7000
1FTFW1RG7LFC66891,7000
MAJ3S2GE6LC312420,7000
1FTFW1E50LFB54387,7000
3VWN57BU7LM076961,7000
JM1GL1V52H1152187,7000
KM8K2CAA6MU613603,7000
1FTER4FH3LLA56274,7000
1FTFW1ET8EKG53687,7000
3GCUKSEC6EG389188,7000
5NMS5CAD9LH258521,7000
5LMCJ2C98LUL23119,7000
ZACCJABW0GPC81707,7000
1C4RJEAG4LC116155,7000
5TFDW5F11KX835399,7000
2C3CDXBG1LH195566,7000
1FMCU9G61LUB95938,7000
3TMDZ5BN0KM061765,7000
1FATP8FF5K5204629,7000
WAU8SAF84LN005867,7000
KL7CJKSB8LB037209,7000
1FM5K8GT5HGB85658,7000
JTDKN3DU4C1500699,7000
2HKRW2H51KH651273,7000
1C6RREJTXKN549379,7000
KM8K1CAA9MU626008,7000
SALLDVAF8TA979815,7000
JM3KFACM1L0866006,7000
3FA6P0G78LR222353,7000
JN8AY2NC1K9583886,7000
2GNALCEK7H1579065,7000
1C6SRFFT6LN391625,7000
KMHH55LC3LU139264,7000
1N4BL4EV5KC117107,7000
1GNFC26J49R234901,7000
3VWDB7AJ9HM339986,7000
1FMCU9GD0JUA08023,7000
JTDP4MCE5MJ059160,7000
3C4PDCAB4LT182359,7000
WDC0G8EB6LF710150,7000
2HGFB2E54CH515508,7000
5FNYF6H77GB073951,7000
2G1WT55N189282002,7000
3GCUKREC6FG269885,7000
3FA6P0HD2LR258608,7000
1N4BZ1CP6KC309654,7000
1G1ZE5ST2HF167989,7000
1FM5K8DH3JGC04651,7000
1FTEW1EP8LFB31002,7000
1C3LC66K48N218624,7000
3VV0B7AX1JM069892,7000
SALZT2GX7LH101631,7000
3C6UR5CL2LG147146,7000
KL4MMDS28LB126055,7000
1C6JJTBG2LL214690,7000
1C6SRFKT3KN563601,7000
1FTEW1E44LFB80350,7000
5XYPGDA32LG669489,7000
1C3CCCAB7FN726136,7000
JF2SJAGC3JH581588,7000
KL7CJLSB6GB762528,7000
2C3CDZAG8LH199157,7000
1G1ZB5ST1HF284861,7000
5N1AZ2BS2LN105016,7000
3C63R3JL2LG212161,7000
1V2TR2CA1MC525865,7000
WBA3A5G5XFNS91821,7000
5J8TC2H62LL018156,7000
KM8J3CAL8MU301759,7000
JM1GL1VM5L1521429,7000
NM0LS7E27L1454123,7000
5GAERBKWXLJ117805,7000
KL7CJPSB0JB726820,7000
JN1BJ1CW6LW372667,7000
3KPA24AD3LE322280,7000
1FMCU0G6XLUA24665,7000
5FNYF6H50MB020874,7000
1FMCU0GX0FUA38328,7000
1C6HJTFG6LL206410,7000
5FNYF5H57MB004231,7000
1FMJK2AT9LEA65676,7000
5TDYK3DC2FS559591,7000
3GNCJKSBXLL188707,7000
1GKKNRLA7HZ259745,7000
3GNAL2EK7ES600281,7000
WA1AECF38L1113292,7000
LRBFX1SA8LD048407,7000
2T2HZMAA0LC178200,7000
3TMDZ5BN7HM021823,7000
KNDEUCA28M7062657,7000
WDD3G4FB0LW038750,7000
WP1AE2A28HLA74390,7000
JF2GTHSC8MH209765,7000
JTHBE1BL9E5029593,7000
KL8CB6SA7MC704192,7000
4T1B11HK9JU100802,7000
5NPD84LF7LH606663,7000
WBS4Y9C01LFJ78875,7000
5FNRL6H74MB007737,7000
1FM5K8HC7LGA89991,7000
5N1AZ2MGXHN178733,7000
5TDBBRCH3LS500342,7000
3MZBN1V7XHM135126,7000
3CZRU6H52LM731443,7000
KMHDN46D75U147402,7000
1GYFZER42LF150514,7000
1GNSCCKC9JR117802,7000
1VWCA7A37LC009340,7000
1GC5YLE77LF316843,7000
JF2GTABC0M8212067,7000
1GCVKREC8HZ390635,7000
WDDGF8BB2BR147368,7000
5XYP5DHC3MG116833,7000
WBAJA5C35HG897613,7000
1FM5K8GT9KGB26264,7000
1C4RJFBG6LC396469,7000
2C3CDXHGXLH190342,7000
5J8TB3H51HL019662,7000
KM8J3CA48HU526536,7000
WBA7T2C03MCE92945,7000
1FTEW1E4XLKF14016,7000
4T1B21HK4JU005089,7000
5YJSA1CN1DFP05500,7000
5NPE24AF7FH085201,7000
3GKALTEV6LL336149,7000
1FMCU9BZ8LUB90012,7000
2FMPK4AP6KBC74408,7000
JN1EV7AP7KM542125,7000
JN1BV7AP2FM355738,7000
1C6SRFBT1LN417098,7000
4S4WMARD2M3408042,7000
1FTER4FH2LLA45282,7000
JN8AZ2NEXL9254197,7000
JTEBU5JR5K5661144,7000
WBAPM5C56BE576878,7000
KNADM4A3XG6547044,7000
3N1CP5DV5LL533502,7000
3GNKBJRS8LS721118,7000
1G1JA6SH8D4189107,7000
1C4NJDEB6HD191786,7000
5YFBURHEXKP874978,7000
3VWG57AU6LM012694,7000
JTEBU5JR8J5500303,7000
JN8AZ2NE5K9232302,7000
3VWCB7BU9LM075522,7000
5FNYF6H03MB000123,7000
1FA6P8TH4L5171451,7000
1C4RJFBG3EC376456,7000
3KPFL4A7XJE224227,7000
KNDJN2A21F7772122,7000
4T1G11AKXLU988169,7000
JN1AZ0CP0CT025084,7000
1FMCU9G6XLUB04729,7000
1HGCV3F10LA016599,7000
1GNSKJKC4LR123565,7000
1FMSK8DH9LGC39071,7000
W1K3G4FB0LJ222664,7000
KM8J33AL2MU325443,7000
3FA6P0HD6LR169043,7000
1C6RR6GTXLS138872,7000
3VWCB7BU7LM046715,7000
3N1AB7AP0DL656567,7000
1C4PJLDB0KD415999,7000
WAUBJAFM4BA128922,7000
LRBFXBSA2LD112785,7000
1GCHSCE37G1378127,7000
1HGCR2F15HA175687,7000
3D4PH6FG0BT515314,7000
3GSCL53729S632650,7000
ZACNJAAB0LPL85743,7000
1HGCV1F30LA125800,7000
WBA4Z1C57JEC59352,7000
1FTEW1C50LFB05494,7000
JM3KFBBM9L1796109,7000
5GAERBKW4LJ262371,7000
1FMCU9G66LUA85578,7000
1C6SRFMT8LN382721,7000
KL7CJNSB5LB333337,7000
3VWN57BU5LM060158,7000
JN8AZ2NE1K9231132,7000
JF2SJAFC7GH455177,7000
2GNALCEK4G1137116,7000
1HGCR2F30HA128486,7000
1GKKNULS2KZ262412,7000
1VWCA7A30LC022298,7000
JM3KFBCM5L0810477,7000
2T2HZMDA1LC243812,7000
1G4GF5G38FF198077,7000
3GNAXKEV0LL283904,7000
JA4AT5AAXLZ037339,7000
5XYZUDLB2JG507199,7000
1FTEW1E45LFC53161,7000
3G1BE6SM0JS547561,7000
3GKALPEVXJL368106,7000
5XYPKDA52HG232390,7000
1HGCP2F86BA034329,7000
1C4RDHDG2LC441634,7000
MAJ6S3GL5LC369290,7000
WBA8E5G33HNU43417,7000
1GCPYBEH1LZ305895,7000
5YFBURHE2JP783167,7000
1C4PJMDB1GW120170,7000
1FMCU9GD9HUD77649,7000
2C3CCAAG0KH755934,7000
1C4PJLLB7KD469978,7000
5N1AT2MV4KC796343,7000
5LMCJ2C93LUL13128,7000
1FA6P8TH6J5165373,7000
JTJBM7FX2J5188225,7000
4T1G11AK5LU978262,7000
1GNSKJKJ1LR182832,7000
5XXG24J21MG009732,7000
1V2WR2CA0KC535331,7000
19XFC1F39LE005766,7000
1G1BC5SM6J7228194,7000
5GAEVCKW7LJ296760,7000
4S4BSANC2K3282666,7000
WA1LJAF70LD012774,7000
1FA6P8CF6L5175970,7000
WBA7U2C04LGJ59445,7000
2T3H1RFV9LW098081,7000
3VW5T7AJ7HM309192,7000
1GCGTDEN3J1106486,7000
2G1WN151369242520,7000
JHMFA168X6S001971,7000
JTJGJRDZ4L5007918,7000
KL7CJKSB4LB315068,7000
SALCP2FX0KH794813,7000
1FADP3F26EL339431,7000
1FMSK8FH3LGC87341,7000
5NPE34AF1GH382611,7000
3KPF24ADXLE245946,7000
1C4HJXEN6MW520204,7000
4S4BTGKD3L3259377,7000
3GCUYEED7LG424844,7000
3N1AB7AP2HY360717,7000
JF2SJAWC5JH602457,7000
1C4HJXDG1LW329629,7000
1GTV2MEC3HZ368187,7000
2GKFLUE3XH6218742,7000
3VW2B7AJ2HM303872,7000
5LM5J7XC6LGL28247,7000
1FTEX1CP8LKE54280,7000
5J6RM4H58EL078514,7000
WP1AG2A56HLB51035,7000
1N6BA1F4XGN507066,7000
ZACNJAAB8LPL45815,7000
3N1AB7AP5EY280372,7000
LRBFX2SA4LD164855,7000
1GCVKREC4HZ220563,7000
SHHFK7H58JU403724,7000
YV4162UM7L2347911,7000
2C4RDGCG4KR580536,7000
WZ1DB4C06LW027558,7000
3TMAZ5CN3JM067737,7000
5TDHBRCH9LS505667,7000
WA1BNAFY2J2026208,7000
2GNAXKEV5L6185813,7000
JTMW1RFV5LD059248,7000
1FMZU77KW5UB64696,7000
1GCES14H46B123836,7000
1LN6L9TK9H5612002,7000
3GNCJPSB5LL221402,7000
JTHY3JBH4K2015576,7000
NM0LE7E22L1475310,7000
3N1AB8CV9LY205463,7000
3GNCJPSB4LL232522,7000
JTJHZKFA7L2027092,7000
1GC1KVEG1JF264845,7000
3C4NJCBB5MT505348,7000
2G1WX12K639270542,7000
2HGFC2F65LH565984,7000
JM3KFBDM3L0825932,7000
1GTP9EEL3KZ146086,7000
5J6RE48339L051240,7000
1HGCV1F12LA090448,7000
1HGCR2F33HA279726,7000
3FADP4AJ9HM144723,7000
JTEBU5JR1L5830559,7000
1GNSCHKC6JR269503,7000
5BZAF0AA4LN851638,7000
19UUB1F39LA016068,7000
3FA6P0RU5KR227219,7000
1C6SRFFT7LN420890,7000
3N6CM0KN7LK703213,7000
5UXWZ7C39H0X43135,7000
1FMCU0G6XLUB61668,7000
1C4PJLCB1LD629600,7000
KM8J33A40MU296663,7000
JTDEAMDE7MJ006331,7000
5J6RM4H32CL017137,7000
WD4FF1CD1KT011433,7000
KNAFK4A6XG5478127,7000
3C4NJDAB7KT728060,7000
5FNYF18515B068064,7000
3GCPWCED8LG393143,7000
1G6DE5E52C0101326,7000
3VV1B7AX6LM153200,7000
1GKKNXLS3LZ213609,7000
NM0LS7DN3CT123703,7000
KNDEU2AAXM7122732,7000
KNDPMCAC9L7726352,7000
1G4PP5SK4D4208544,7000
3N1CP5CV2LL533782,7000
1C4RJFLG4LC396243,7000
JTHCF1D23E5007479,7000
1FMCU9J99EUA23288,7000
2C4RC1EG5LR241993,7000
JF2GTAEC2M8211238,7000
1C4RJFAG3LC371871,7000
3GKALPEX0LL321526,7000
KL4MMBS20LB102093,7000
3VW2B7AJ5JM246167,7000
1V21E2CA6LC216409,7000
4T1C11AKXLU974612,7000
5GAEVBKW9LJ287746,7000
5FNRL6H75LB059540,7000
3GCUYHEL7KG286150,7000
7FART6H57LE014957,7000
1GKS2HKJ6LR121515,7000
JM3KFADM3L0823737,7000
5N1DL0MNXLC541666,7000
1C6JJTBG7LL155278,7000
1GYFZDR43LF141282,7000
WDC0G4KB7HV008977,7000
2FMPK4J88GBB47093,7000
3LN6L5HC4HR665052,7000
1GCRWBEK2LZ339662,7000
1N4AL21E09N534901,7000
2GKALMEK7H6340475,7000
1HGCV3F47LA014620,7000
5LMCJ1C91LUL30178,7000
5GAERBKW2LJ149924,7000
4T1C11AK1LU959724,7000
3CZRU6H1XLM730893,7000
1GYKPDRS4LZ212863,7000
3LN6L5F91LR616276,7000
KM8K33A5XKU274163,7000
5J8YD4H53LL027261,7000
1FMCU0F70KUB19518,7000
1FMJU1J59AEA70735,7000
2HKRW1H23LH405505,7000
1FAHP2D81FG124424,7000
5N1AT2MTXLC732761,7000
4T1BF1FK0HU434862,7000
4T4BF1FK2ER347434,7000
SALWV2FV6HA162756,7000
ZAM57XSA8F1148847,7000
5J6RW2H91LL005922,7000
4S3GTAA69L1733192,7000
1C4BJWEG2DL685430,7000
3FA6P0HD0LR145207,7000
5NMSK4AG6AH370019,7000
1GYFZFR42LF125733,7000
1GYKNCRS5LZ150566,7000
4T1B11HK6JU031518,7000
3GKALMEV9LL182297,7000
W1N0G8EBXLF855996,7000
3N1CN8DVXLL903317,7000
3GNAXUEV8LL331693,7000
2HGFG3B86DH526999,7000
JN8AT2MVXHW001778,7000
5YFEPMAE4MP150613,7000
2HGFC2F62LH562962,7000
5FNYF3H81AB012187,7000
3GTP9EEL2LG408973,7000
2C4RC1BG9DR604155,7000
ML32A3HJ9LH006392,7000
KM8K12AA7LU593597,7000
1C4RJFBG8FC814888,7000
KMHCT4AE7DU295419,7000
1VWBT7A39GC010193,7000
JF2SJABC7FH475837,7000
1FM5K8GT0HGB29465,7000
1FM5K7DHXHGB62547,7000
JN8AY2NC1LX517688,7000
5UXCR4C00L9D00984,7000
4S4BTGKD1L3237717,7000
5UXKR0C38H0X77086,7000
1C4RDJAGXKC743991,7000
3FA6P0LU1LR245307,7000
5UXFA135X4LU22056,7000
2GNALBEK0G1120064,7000
2T3BK31V59W010899,7000
1GCVKREC9JZ195360,7000
1C4PJMAK9CW199375,7000
2LMPJ9JP7KBL16377,7000
3LN6L5MU4HR650890,7000
5FNRL5H94DB080988,7000
1FMJU1HT6LEA43595,7000
1GNSKSKD0MR125507,7000
3C4PDCAB6LT201946,7000
2GKALNEK7H6332561,7000
2GNALBEK0E6333175,7000
1GYKNGRSXLZ193159,7000
1GKS2HKJ5LR200996,7000
3GCUYEETXLG404997,7000
1C4PJLDB2KD302393,7000
1GCRYEED0LZ312294,7000
3N1CN7AP0KL832269,7000
1N4AL2APXCC179241,7000
3C4PDCDGXCT159272,7000
JM3TCBCY2J0212277,7000
3HGGK5H88LM724151,7000
KL8CB6SA0MC703482,7000
6N1AZ2MH7HN143964,7000
WMWSV3C53BTY12233,7000
WP1AA2AY5LDA09824,7000
4T1BF1FK6HU799403,7000
2GNFLGEK9F6414020,7000
LRBFX4SX6LD158765,7000
1GCRWDED3LZ352157,7000
4T1M11AK7LU385232,7000
1FMSK8FH7LGA02916,7000
1FA6P8CF2L5170412,7000
JF2SJAGC4HH511141,7000
KL79MRSL6MB014063,7000
2T2ZK1BA0BC062578,7000
1C6RR6LM8GS223746,7000
3VWC57BUXKM143915,7000
WP0CB2A8XKS228960,7000
4T1B11HK3JU069420,7000
JF2SKAXC8LH439687,7000
KMHDH6AE0DU006317,7000
3FA6P0HD8JR196225,7000
1N4AL3AP5HC170640,7000
1FT8W3B68HEB71209,7000
SALYM2RV8JA723729,7000
1GYKNDRSXHZ181003,7000
KM8J33AL6LU215400,7000
KL79MUSL8MB025973,7000
1GNERFKW4LJ280642,7000
WVWKR7AU6HW953653,7000
1N4BL4BV4LC272706,7000
5NPD84LF9LH517824,7000
JM3KFBCM6L1860346,7000
JTHBK1EGXC2498777,7000
2LMPJ6J98LBL14249,7000
5TFEY5F13LX271089,7000
3N1AB7AP1JY315466,7000
1C6SRFCT8LN120988,7000
SALCT2FX9LH870347,7000
JN8AZ1MU8AW021164,7000
KNDMC5C17M6667922,7000
3VWD17AJ2FM281560,7000
3KPF24AD5LE255607,7000
JTJHW31U382053776,7000
5N1DL0MM5HC555201,7000
1GKEV23D59J171985,7000
1HGCV1F12JA076479,7000
3C63R3EL0LG247484,7000
3GYFNEE39FS566620,7000
LVY102MK6KP079091,7000
5N1AZ2BJ9LN163695,7000
5TDZY68A38S005587,7000
1C6SRFFM7LN249972,7000
3C4PDCAB9HT545746,7000
KNDETCA2XM7128161,7000
1C4NJRBB9GD579577,7000
3GNCJNSB7LL309307,7000
1VWBS7A32GC014721,7000
1FTEW1CM8DKD11047,7000
3N1CN8DV4LL885302,7000
KL7CJPSB1HB171497,7000
2GNAXJEV5J6348175,7000
3C6UR5CLXLG114962,7000
1GYKNDRS1LZ232445,7000
1GNSKHKCXLR179809,7000
1HGCV3F18LA016558,7000
1GCVKREC0JZ239018,7000
1FTEW1EG9FFA02321,7000
1N4AZ1BP5LC307103,7000
2B3CJ5DT1BH575607,7000
YV4A22PK6K1417151,7000
JM3KFABM7L0861930,7000
1FAHP2E82HG146630,7000
WDDWK8HB8JF627865,7000
3VW5T7AU4LM013601,7000
SALZJ2FX3LH041614,7000
1G11C5SA4GF114291,7000
1G1FH3D76K0138861,7000
3FA6P0HD6LR250463,7000
1GNEVNKW8LJ259640,7000
3FA6P0HD3LR261436,7000
JM1GL1VM6K1500135,7000
3GTU9CED7LG390292,7000
JF1GV8J68CL002928,7000
5J8TB3H72JL002781,7000
KL7CJLSB0LB034763,7000
1C4HJXEN0LW115910,7000
1FTEW1E49LKE57761,7000
1C4BJWDG2DL615914,7000
2GNAXKEV4L6273753,7000
1FT7X2B65BEC96260,7000
3KPA24AD0LE334032,7000
WAUYGAFC3DN073102,7000
19UDE2F77LA007871,7000
1C4GJXAN8LW337614,7000
1GNSKDKD4MR132228,7000
YV4A22PLXK1415850,7000
1C6SRFJT8LN417939,7000
1FTEW1EP1LKE62088,7000
5NMS53AD9LH263198,7000
2FMDK3J93DBC29265,7000
JF2SKADC1LH596417,7000
3A4FY48B47T554973,7000
3GTU2NEC3GG362700,7000
2GKALPEK5H6289205,7000
3CZRU6H54LM723957,7000
1FTEW1EPXLKE04545,7000
KL4CJASB8JB514838,7000
3C6TRVDG7LE114538,7000
5N1DL0MM6HC505858,7000
3GNCJKSB0LL273796,7000
SCFSMGAW3LGN04967,7000
1C6HJTAG2LL128120,7000
2G2WR554961236799,7000
1GKKNKLA8JZ238030,7000
2T2HK31U27C001565,7000
1C4RJFCG9LC418401,7000
1V2JP2CA2MC525824,7000
5UXFA93524LE81202,7000
1C4PJLCB1KD479499,7000
1FTEW1E4CLKF13920,7000
1FMHK7B80CGA00404,7000
1G1ZD5ST1LF157286,7000
1FTEW1E49LFB99301,7000
1GKS2DKL2MR130157,7000
19XFC2F83LE027117,7000
3GNCJKSBXLL298415,7000
1FMZU73K65ZA17451,7000
1FTFW1R61BFA30100,7000
1HGCR2F53GA072219,7000
2C3CCAGG9KH586097,7000
WA1AAAF77HD011006,7000
WAUGFAFR5AA049180,7000
3GNCJLSB3LL309356,7000
1FTEW1CP2LKF32443,7000
1C4RDHDG8KC684380,7000
5TDDKRFH2FS139811,7000
KL8CD6SAXLC430494,7000
1N4BL4BVXLC277764,7000
2T3DFREVXHW641169,7000
WBS6C9C50FD467653,7000
1FM5K8GC6LGC91741,7000
2C4RDGBG4LR228012,7000
JN8AY2NC7K9580846,7000
JTDEAMDE7MJ005972,7000
2C3CDXBG3LH214277,7000
1HGCR3F88DA022685,7000
5FNYF4H98EB032473,7000
4JGFF5KE6LA263845,7000
2GNAXKEVXL6113456,7000
1FM5K8F86JGB10776,7000
1C4SDJCT8LC394875,7000
5N1AZ2MG7JN105082,7000
3GCUYGED0LG435213,7000
1GCPYFED3LZ350292,7000
2GKALSEK6F6198962,7000
1FADP3K27EL110164,7000
2C3CDZAG8LH211050,7000
3TMAZ5CN7KM105987,7000
1GNERFKW9LJ222154,7000
1GCPYCEF9LZ356792,7000
1FTEW1EG0FKE98813,7000
5NMSG13D27H100166,7000
KL79MUSL5MB031942,7000
1C4PJMDBXGW335594,7000
1FMCU0G61LUB47805,7000
WBAUN7C51BVM25216,7000
1G4GB5G35GF156110,7000
4S3BMDK62B2241023,7000
LRBFX3SX8LD168661,7000
3GCNYAEF7LG231351,7000
1GNSCNKD9MR142028,7000
5XXGN4A76FG503204,7000
JN1EV7AR1LM256970,7000
KM8K12AA7MU634649,7000
3VWD17AJXFM216794,7000
1FTEW1EP9LFC19797,7000
2T1BURHE0KC158543,7000
3C4NJDBB7LT165348,7000
1FTEW1EP7LFC27607,7000
1N6AA1ED6LN510747,7000
JTHBJ46G492277901,7000
ZACCJBBB4HPE79419,7000
1GT12ZE89FF613807,7000
1FM5K8F88EGB43607,7000
1C4HJXDG6LW240803,7000
1C6RR6TT1KS694265,7000
1HGCV1F38JA229688,7000
KL7CJLSB3LB034997,7000
1HGCV1F35LA124707,7000
5J8YD3H56LL010366,7000
1FTEW1EG8JFA54502,7000
1FTER4EH4LLA40781,7000
KNAFX4A64G5541580,7000
5N1AZ2BJ2LN104827,7000
1G1ZB5ST5LF152100,7000
1GNSKBKC2LR204585,7000
3GTU2PEC5HG189839,7000
1FAHP2KT3FG177522,7000
2GKFLTEK6G6339560,7000
1GCUYDED1LZ323910,7000
1C3CDZAB6CN286194,7000
WAUU2AF25KN118705,7000
1FMJU1HT9LEA06119,7000
3KPA24AD4LE321316,7000
1GTV2VECXEZ329615,7000
3N1AB8CV6LY236914,7000
WMWZG3C58BTY35726,7000
JM1BL1VGXB1380859,7000
WA1ANAFY6L2065320,7000
1C4PJMDN8LD580474,7000
JF2GTAEC0MH219550,7000
JN1BV7AP9EM672236,7000
5NMS23AD9LH164244,7000
1FMSK7DH6LGA10647,7000
5J6RW2H20LL001797,7000
3GNCJKSB2LL318589,7000
3GNAXHEV1LS719300,7000
KL4MMDSL6LB120327,7000
5TDJGRFH2KS066941,7000
1N4BL3AP2DC131065,7000
3C4NJCBB9KT736735,7000
1C4PJLCB9HW596101,7000
1G1FB1RS9H0162373,7000
5TDYZRAH0LS027167,7000
5LMCJ2D99LUL22902,7000
1GYKPGRS3LZ151717,7000
WDC0G4KB4HV004627,7000
1FMCU0G67LUC00104,7000
SALWR2FV4HA142042,7000
1FADP3F25DL363766,7000
1LN6L9RP8L5600905,7000
2B3KA43G28H299277,7000
4JGFB4KB3LA238249,7000
2HGFC2F84LH572278,7000
YV1LS5547W2438232,7000
1HGCS1B35CA012892,7000
1C4PJMBX0LD578495,7000
5TDYK3DC8GS691417,7000
W1KXJ8GB3LA050283,7000
1GCRKSE73DZ311328,7000
1N4AL3AP4FN348118,7000
W1KUG8DB3LA562504,7000
W1KWF6EB6LR585260,7000
3CZRU6H56LM726438,7000
5YFBURHE6GP432951,7000
5TDGZRBH3LS051800,7000
1FTFW1EGXGFC54178,7000
LYV402TK7JB168507,7000
3FA6P0G79LR261582,7000
1HGEM22901L019232,7000
5NPD74LF0LH610962,7000
4S4BSABC1K3383671,7000
2LMPJ8KP7LBL22321,7000
3GTU9BEDXLG414076,7000
1FMCU0G63LUB94317,7000
5N1DR2MM8HC651883,7000
4T1M11AK4LU967465,7000
4S4BRBKCXA3373818,7000
JM3KFADM0L1837685,7000
KNDJ23AU3L7052493,7000
1N4BL4CV1LC273746,7000
3FA6P0HD5LR187839,7000
1HGCR6F36EA004970,7000
5TDGZRBH5LS521115,7000
3FADP4EJ7GM188437,7000
1V2ER2CA7MC509131,7000
LRBFX2SA3LD158030,7000
1FTEX1EB0LFC27708,7000
KL4MMCSL4LB111720,7000
1C3BC2EB1BN532535,7000
JF2SJGWCXHH477291,7000
JH4KC1F96FC000635,7000
1G1ZD5ST2LF140822,7000
3GCUYBEF2LG382602,7000
3FA6P0HD2LR143572,7000
KM8J33A46LU231704,7000
KNDJP3A53J7597150,7000
KNDJ23AU4L7109655,7000
3VV3B7AXXLM163592,7000
1V2WR2CA6MC526670,7000
3LN6L5A92HR655148,7000
1N4AL3AP2JC133003,7000
1C6RR7MT8HS650485,7000
5TFRZ5CN4KX073061,7000
1C4PJMDB0HW636764,7000
WP0AB2Y17LSA50333,7000
3C63RRJLXLG293042,7000
3N1AB8CV1LY254382,7000
KM8J3CA26HU430600,7000
1FMSK7FH9LGC21225,7000
1FTER4EH0LLA66164,7000
JF1SG63676H752186,7000
JTLKT324754016217,7000
MAJ6S3GL6LC312161,7000
1FMJU1KT5JEA69353,7000
JN8AT2MV4LW102565,7000
1GCRWCED1KZ213346,7000
5J6RW2H58HL007347,7000
1GCUYBEF3LZ276868,7000
1C6HJTAG0LL187747,7000
1FTEW1CP5LFB53994,7000
1FTEW1EG6HKE43608,7000
3GNCJLSBXKL376390,7000
WP1AA2A29CLA00285,7000
2T2BZMCA5HC055017,7000
1GNERGKW7LJ260505,7000
KNAFK4A65G5614180,7000
1GCUYDED4KZ131539,7000
3HGGK5H42LM722568,7000
4T1BE46K29U376811,7000
4T1C11AK5LU380669,7000
1C4RJEBM6GC314696,7000
KL4CJASB4LB019118,7000
JN1BJ1CPXHW035712,7000
1FT7W2BT9LEE61916,7000
1GC1KYCG7BF165436,7000
JTDKAMFU8M3129101,7000
3GKALTEV5LL313994,7000
5LMCJ1C98LUL26757,7000
1FTEW1E50LFB61481,7000
KNDPCCAC3F7677852,7000
1C4HJXDG3LW291143,7000
JA4AD2A37KZ004987,7000
JF2SKAUC7LH593120,7000
5TDYK3DC5FS578863,7000
1GNERKKW6LJ292784,7000
1FBZX2ZM3HKA66762,7000
3GCUYEED8LG387013,7000
KL4MMFSL9LB110533,7000
LVY992MK9JP032046,7000
YV4102PK2L1580094,7000
KL7CJLSB3LB012014,7000
2T3BFREV8HW689325,7000
NM0LS7E27L1472380,7000
1FTEW1E55LKE57569,7000
1FTEW1E52LFC01236,7000
3VV2B7AX5KM064964,7000
3GKALSEX4LL325128,7000
55SWF4KB1HU199862,7000
1FTEW1E41LKE74604,7000
19XFC2F65LE006042,7000
2GNFLGEK3H6263534,7000
5XYPGDA50HG234236,7000
3VWFP7AT8EM620426,7000
KNAFK5A84H5715168,7000
5NPEB4AC1EH921203,7000
1YVHZ8CH8A5M16952,7000
3FADP4EJ6HM152613,7000
3VWCB7BU5LM072830,7000
WA1ANAFY3L2106633,7000
4T1B11HK7KU197225,7000
5NPEU46F46H018140,7000
5TDBZRBH9LS517952,7000
3GCNYAEF2LG231872,7000
1FA6P8CF6J5128161,7000
5TDKZ3DC8LS079164,7000
1G4HP57206U203308,7000
2GNFLFEK7G6161744,7000
1FTEW1E4XLKE20282,7000
2C3CDZBT2LH191857,7000
3CZRU6H50LM713524,7000
JF2SJALC6JH592607,7000
5FNRL6H76LB073415,7000
1G6AW5SXXH0166129,7000
4S4BTGPDXL3240155,7000
5N1AN0NW8FN657641,7000
5NPEU46C89H419023,7000
1C4HJXDG9LW250273,7000
5NPD84LF1JH235822,7000
2T2BZMCA9KC210501,7000
5TDHBRCHXLS512983,7000
1N4BL4BW8LC253097,7000
JN1BJ1CP8KW238878,7000
5N1AR2MM7DC622968,7000
1VWCN7A30DC139563,7000
1GKER13D19J113306,7000
1FTEW1E41LFC06628,7000
JM1GJ1U61F1163548,7000
4T1BF1FK8EU849116,7000
3HGGK5H4XLM722768,7000
2HGFC2F55HH552795,7000
1FTFW1E40LKE39833,7000
3MYDLBYVXLY715979,7000
1GCHSBEAXL1247745,7000
WAU32AFDXFN037007,7000
1N6BD0CT4GN709172,7000
1C4RJEAG5LC246350,7000
1GTG6CEN1M1103348,7000
1FADP3F20DL258472,7000
5N1DL0MN6LC531734,7000
5TDXK3DC6GS711451,7000
5N1AZ2AJ5LN157054,7000
3GNCJPSB2GL272619,7000
1HGCV1F12LA095469,7000
3GKALVEV9LL183021,7000
2T3H1RFV1LC084628,7000
5TDYK3DCXFS553392,7000
JN8AY2NC0H9508928,7000
1FMSK8DH5LGC55784,7000
1FMSK7DH5LGB82880,7000
2GNAXHEV9L6270883,7000
3GCUYEET4LG379630,7000
1FM5K8GC8LGC89005,7000
1GTG6FEN7M1103257,7000
3TYSZ5AN5LT004699,7000
1C4HJXDN6KW622973,7000
WDDSJ4EB6JN576287,7000
1FMCU9GX2EUB90758,7000
4T1C31AK3LU542728,7000
19XFC2F64KE014681,7000
19UUB1F36LA018070,7000
1FADP3K22EL181952,7000
3N1AB7AP8DL739907,7000
SADFP2FX1K1Z43554,7000
1FTEW1CP6LFC49066,7000
5N1DL0MN8LC500050,7000
KM8K3CA58LU525506,7000
1FMCU0HD1JUD00581,7000
1GCRYEED6LZ341248,7000
5N1AT2MT0EC779512,7000
1C4BJWDG3DL634889,7000
3GNCJKSB6LL303383,7000
JF2SKALC7LH600214,7000
1FA6P8THXJ5116712,7000
ZACNJBC18LPL61751,7000
1HGCV1F64JA047495,7000
2T3P1RFV2LC126770,7000
5LMCJ1D94LUL19156,7000
2HGFC2F86LH559631,7000
KM8J33A43MU307560,7000
2G4GK5EX4G9207465,7000
3VV4B7AX5KM157914,7000
WBXJG9C00L5P94380,7000
2GKFLTE35H6198121,7000
ZFF80AMA7J0232058,7000
2T3WK4DV6AW005590,7000
KNALC4J13L5221096,7000
1FMCU0G68LUB66447,7000
1C4AJWAGXCL135974,7000
1FMSK8FH6LGC39509,7000
2G1FT1EWXE9174443,7000
5TFDW5F13EX370662,7000
3N1AB7AP5KY405690,7000
1FT7W2BT4KED74200,7000
5N1AR18B29C607238,7000
5YFHPRAE3LP054738,7000
19XFC1F97LE212404,7000
KL7CJKSB3MB304421,7000
WA1ANAFY9L2039973,7000
1C4RJEAG1LC403744,7000
JM3KFBCM2L0852136,7000
5TDZZRFHXKS333868,7000
1FMJK1JT1LEA76049,7000
1C6HJTFG7LL217125,7000
19XFC2F62LE212435,7000
4T1G11AK6LU976875,7000
WBA8B9G36HNU54203,7000
1HGCV1F38LA132266,7000
1C6HJTAG2LL150747,7000
2C3CDZAG1JH339398,7000
3GCPYDEKXLG345948,7000
5TDDZRBH3LS054134,7000
1C4BJWDG8HL536415,7000
1G6DA5RK6L0146264,7000
2T1BURHE4KC165334,7000
3GNKBERSXLS726232,7000
JTMP1RFV0KD024250,7000
KNDERCAA8M7127063,7000
2FMPK3K93JBB32493,7000
1HGCS2B82CA002189,7000
3GNKBARA4LS678999,7000
1N4BL4DV1LN317442,7000
1FMCU9GX5EUC14177,7000
1NXBR32E95Z343412,7000
3N1CP5CU9JL519723,7000
KM8SR4HF3HU193095,7000
3LN6L5E90KR602496,7000
1N4AL3AP5GC285589,7000
2LMPJ6J92LBL18698,7000
1FMCU0G61LUB59954,7000
2C3CDXCT5KH584429,7000
JN8AS5MV7BW257453,7000
5TDZZRAH2LS029085,7000
2T1BURHE5GC622031,7000
2T3P1RFV4KC025325,7000
1FA6P8CF8L5170396,7000
WA1ANAFY2J2011994,7000
4T1C31AK7LU538617,7000
3GNCJKSB1LL313805,7000
1GNSCBKC0LR143895,7000
3LN6L5F98LR613343,7000
3MVDMBEMXLM108106,7000
3GNCJLSB1LL129146,7000
2FMPK4G92LBA03985,7000
1GNSKNKD8MR123506,7000
1FMCU0E74CKB11209,7000
1GTP9EEL4LZ339221,7000
4T1BF1FK3HU797818,7000
JTDKDTB33D1538634,7000
4S4BTANC2L3249276,7000
1FT7W2BT7KEC60806,7000
4T1K61AK6LU990982,7000
4T1L11BK1LU005148,7000
JF2GPAGC2D2211292,7000
1FMCU9GD5HUE98601,7000
JTNK4RBE1K3073093,7000
JTDKARFU9L3114473,7000
1FTEW1EP0KFC82981,7000
WBAJB9C52JG463886,7000
LRBFX2SA2LD168791,7000
1FMCU0GD5JUB41209,7000
KL7CJLSB1LB009516,7000
5NMS33AD2KH007554,7000
1FTEW1CP2LKE59011,7000
KMHD84LF8HU156529,7000
3C4PDCAB4LT253978,7000
1FTEW1E4XLKD23289,7000
1FTVX1EF2EKG10630,7000
4T1K61AKXLU979239,7000
KNAFU4A20D5655920,7000
1G1ZB5ST9JF252374,7000
1C4PJMBX1LD655486,7000
WDC0G4JB6JV061726,7000
1FTRW07L53KA65649,7000
KMHH35LE9JU021062,7000
2FMPK4K89GBB30396,7000
5LMCJ2C90KUL09519,7000
5NPE34AFXKH808921,7000
7JRA22TK9LG066437,7000
2GNFLFEK3G6322980,7000
1FMCU93108KD84884,7000
1FTEW1EP2LFC30463,7000
3PCAJ5M15LF119041,7000
5YFEPRAE6LP025530,7000
5YFBURHEXHP718366,7000
3GKALTEV8LL198632,7000
JTMRFREV4DD025576,7000
WBAJR7C04LCE48632,7000
1FMJU1HT5LEA71467,7000
5NPE24AFXKH775874,7000
3KPA24AD9LE313471,7000
JM3KFADL9H0177652,7000
3C4NJDCB3LT209151,7000
1FMSK7DH7LGB80581,7000
1GYKNAR42LZ232406,7000
2C4RDGBG9LR155736,7000
SALYB2RX4JA742592,7000
WA1ECCFS1HR017771,7000
1N4BL4BV5LC206343,7000
3KPF24AD0KE099989,7000
2C3CDZC9XGH220966,7000
3C4NJCBB4KT750445,7000
1D8GU58667W630607,7000
3C6UR5CL2LG185721,7000
1FMCU0F66LUB91154,7000
MAJ3S2GE3LC328008,7000
KL79MPSL6MB034561,7000
1GKS2DKL8MR136335,7000
4S4BTAEC7L3267675,7000
KM8J3CAL7MU315068,7000
1GCRYDED6LZ371117,7000
2HKRW2H84LH668192,7000
1FTEW1EP9KFA71021,7000
2C3CDXBGXEH307784,7000
1C4RJFLG6HC602766,7000
3C3CFFGE7HT543963,7000
3FADP4BJ4KM142674,7000
1GCRYEED5LZ337630,7000
1FTEW1E56KKE92071,7000
3C4NJDBB8JT167817,7000
1FTEW1EG8JFA95499,7000
WDC0G6EB3LF729999,7000
3GNAXHEV9LS687759,7000
3VW2B7AJ0HM375816,7000
3FA6P0T98KR233469,7000
2HGFC4B03HH306026,7000
3FA6P0LU1LR142839,7000
3FA6P0G70LR168174,7000
5FNRL38428B079918,7000
3C6TR5CJ8LG226668,7000
1FTEX1CW4AFC11286,7000
1G1YY22G525113166,7000
5N1AZ2BS9LN148073,7000
WAUACGFF0F1062918,7000
1FMSK8DH1LGC71769,7000
WDDZF4JB0JA325455,7000
1N4AL4FV2LC115150,7000
5N1AZ2MH0HN169239,7000
WBAJA7C30HWA70672,7000
1FMCU0J95KUC31031,7000
3MZBN1U76JM167997,7000
5TDHZRBH1LS041187,7000
1G1ZE5ST9HF187978,7000
1C4PJMLB9KD406628,7000
1FM5K8F81HGC98407,7000
1FMSK7DH0LGB80745,7000
1FMCU0GX6FUC77544,7000
1FTEW1C51LKF00565,7000
4JGDF6EE7HA932351,7000
2HGFC1F75HH650690,7000
JN8AY2NC9K9588236,7000
1C4HJXFN8LW345953,7000
1N4AA5AP1EC432814,7000
WDDHF8HB9AA238971,7000
2HGFC1F93LH683102,7000
3C6UR5SLXLG200192,7000
KL7CJKSB7MB304177,7000
5NPD74LF8KH489550,7000
5TDJKRFH6GS265609,7000
1HGCR2F55HA266316,7000
3N1CN8EV6LL828971,7000
1FMJK1HT1LEA33997,7000
1FMSK7FH7LGA58445,7000
3N1CP5CU2KL524697,7000
1FATP8UH5K5138278,7000
1FMCU9J92JUA19027,7000
5J6RW1H26LA009053,7000
KL79MMS24MB025556,7000
1C6SRFHT6LN195097,7000
3KPA24AB6KE221232,7000
3C63RRJL6LG215549,7000
1FTEW1E44LFC38103,7000
4T1B11HK2KU730680,7000
5N1DR2BM1LC625296,7000
1FD8X3H6XLED52675,7000
5TDHBRCH1LS509745,7000
1C4RJFBG2LC397022,7000
3C4NJDBB6JT402733,7000
5NPE34AFXGH342270,7000
1N4BL4EW9LC100143,7000
2C4RC1GG4LR224180,7000
JTHBW1GG6H2154128,7000
SALYK2EX2LA285628,7000
WBA7T2C09MCE94182,7000
1C4RJFAGXLC266762,7000
1N6BD0CT0HN712894,7000
JTEBU5JR0L5832867,7000
2C3CDXBG7JH257629,7000
3N1AB7AP7KY435659,7000
1G6DU5RKXL0140085,7000
MAJ6S3GL6LC357214,7000
3GNMCEE0XDG216915,7000
1GNKRHKD5HJ350430,7000
WBAJA5C36HG897684,7000
1FTFW1RG7JFB82339,7000
KNDEPCAA8M7084169,7000
7FARW2H80JE095288,7000
3FA6P0HD0LR265444,7000
5TDYKRFH8GS159645,7000
1FMJK1K50CEF22787,7000
3GNAXNEV3LS592385,7000
5FNYF3H57CB001154,7000
1GD48LE73LF248886,7000
KL7CJKSB7LB085140,7000
3N1BC1CP9AL443253,7000
NM0LS7F27L1468943,7000
1GNSCBKC4KR396569,7000
JM3KFBDM5L0818206,7000
2FMPK3K92KBB62229,7000
MAJ3S2KE0LC327342,7000
3N1CN8DV9LL903986,7000
KNMAT2MT4LP525909,7000
1N4BZ1BP2LC308732,7000
1FTEW1E41LFC18956,7000
5FNYF6H56MB007949,7000
SALRG2RV0L2420999,7000
KL4MMCSLXLB071322,7000
4M2CN9HGXAKJ17167,7000
KL8CB6SA8MC701138,7000
5TDYZ3DC9KS013909,7000
JTMDJREV7GD008820,7000
1GCGTBEN2M1120422,7000
5UXTR9C56KLD99157,7000
3LN6L5A91LR615474,7000
5TDYY5G14CS039277,7000
JHLRD78846C033852,7000
1GCRYCEF1LZ293311,7000
2C3CDZAG0LH206439,7000
3FA6P0HD5HR378779,7000
JN1BJ1CV4LW256147,7000
1C4HJXDG7LW274605,7000
3GNAXHEV6LS592429,7000
5YJSA1E40HF171920,7000
W1W4EBVYXLT022110,7000
JN1BJ1CV4LW543536,7000
WDC0G4KB5GF094119,7000
W1N4N4HB2MJ116549,7000
4T1C11AK9LU936000,7000
2FMDK3J94CBA11589,7000
1C6SRFFT6LN396839,7000
1FTEW1E4XLFB62659,7000
3GKALSEX0LL306334,7000
SJKCH5CP3HA025151,7000
1C4RJFCG5LC426866,7000
JM1NDAC71L0416121,7000
KM8J3CA44LU261123,7000
JF2GPABCXH8217822,7000
3TMCZ5AN2KM207919,7000
3C4NJDBB4LT256447,7000
1C6SRFFT5LN347387,7000
2C4RC1BG1DR573516,7000
WAUB4CF57JA062912,7000
1C6RRFFG3LN353268,7000
KM8J3CAL4LU145847,7000
3FA6P0LUXJR137393,7000
KM8K3CA57LU590198,7000
KNMAT2MV0KP538253,7000
3GTU2VEC3EG448649,7000
19UUB1F35LA015905,7000
3VWDB7AJ9HM267087,7000
MAJ6S3JL8LC348958,7000
3GCNWAEF4LG115787,7000
JM3TCADY3J0208506,7000
1HGCR6F34EA005454,7000
3FA6P0HD4LR253393,7000
1FMCU0D71AKD37223,7000
1ZVBP8CF2C5245339,7000
1FAHP2D83EG162087,7000
1G6DP5RK9L0123141,7000
KMHGN4JE2FU043639,7000
1FTEW1EP8JKF14734,7000
JNKCV61E49M304965,7000
KNDPM3AC2L7816653,7000
1FMCU9G64LUB68197,7000
JM3TB3CA3E0431282,7000
1FMCU0G6XLUB28962,7000
WAUENCF58JA136784,7000
JM1BPBMM9K1125525,7000
WBY1Z4C56EV274739,7000
4T1BF1FK2HU662183,7000
3GNAXUEV5LS649034,7000
5NPEB4AC0DH647281,7000
1FTEW1E47LFB26363,7000
JTNKHMBX5K1030834,7000
ZHWUC2ZF7GLA04416,7000
3GCUYEED3LG396492,7000
JTMDJREVXHD111229,7000
TRUMF38J581002613,7000
1GNEVHKW9LJ174579,7000
JM1CW2CL5C0107949,7000
WAUB1GFF2J1087256,7000
1FTEW1E40LKE93242,7000
19XZE4F99ME000601,7000
1C3CCBBB7EN179747,7000
3GTU2NEC0JG247804,7000
2C3CDZL97KH741278,7000
1GYKNFRS4JZ159189,7000
1FM5K8HC0LGD04921,7000
JTEZU5JR7L5226285,7000
3KPFK4A70JE234171,7000
5NPD84LFXHH010003,7000
3MW5R1J00L8B29864,7000
3GNAXHEV2LS597398,7000
1HGCP2F8XBA067477,7000
2C3CCAAG2LH175473,7000
JTDL9RFU4L3014164,7000
3FA6P0HD6LR233971,7000
NM0LS7FX4G1265090,7000
5NPD84LF8JH283690,7000
5TDXK3DC0FS570911,7000
JN8AT2MT0KW501731,7000
1FTFW1ET4DFA05383,7000
5YFEPMAE0MP148907,7000
1HGEJ8144TL074304,7000
1GCVKREC6HZ150614,7000
3KPA24AD5LE285927,7000
YV1960AS2A1120121,7000
5FNYF6H32HB034313,7000
3VWCB7BU9LM015935,7000
JF2SJAGC9JH545453,7000
LRBFXDSAXHD222034,7000
1FTEW1E48LKD64181,7000
1GNSKSKD0MR121540,7000
3C4PDCAB8LT214164,7000
2T3W1RFV6LC085815,7000
1FTEW1EG9HFC76122,7000
1HGCR3F85DA032168,7000
1FTBR1C89LKB20765,7000
WAUENAF41KA034448,7000
1D7HA16N88J142861,7000
KL7CJLSB7LB010380,7000
1GCGSCEN9L1201151,7000
3GYFNCE30DS638659,7000
JN1EV7AP1HM742202,7000
1GNERFKW7LJ303704,7000
5TDDKRFH1FS156051,7000
3C4PDCBGXHT566339,7000
5NMS23AD9LH137223,7000
1N4AL3AP6GC142831,7000
1ZVBP8AN6A5135739,7000
2C4RC1AG0KR657907,7000
SHHFK7H41LU422562,7000
3GCUYDET7LG388266,7000
5XYPG4A3XKG451881,7000
2HKRW1H22LH418052,7000
1FTEW1E42LKF08873,7000
2C3CDXJG5LH155542,7000
2C4RDGCG4HR673193,7000
5NPEL4JA7LH002282,7000
1V2ME2CA3LC208507,7000
1GNSCBE01DR160093,7000
MAJ6S3JL9LC349861,7000
1FTSE34L34HB43001,7000
1V2PR2CA7MC516833,7000
3C6UR5PJ9EG307034,7000
19UUB2F62JA007788,7000
JM1BPACL8L1166765,7000
1FADP3K22FL335531,7000
5YFM4RCE0LP009616,7000
JM3KFACM7L0838324,7000
JN8AT2MVXLW142777,7000
5J8YD4H5XHL003000,7000
5TDDZRBH5LS038274,7000
KMHDU46D37U135088,7000
YV4162UM4M2397683,7000
1C6HJTAG8LL211714,7000
3GNAXSEV9JL352229,7000
3GCPCPEC0JG527213,7000
1FTEW1EP7HKE18202,7000
JN8AY2NC6K9585701,7000
1C4PJMCB4HW521246,7000
55SWF4KB1HU193172,7000
1G1ZG5ST9LF151002,7000
3N1AB7AP4HY341263,7000
2T3RFREV7JW756047,7000
3GNAXKEV4LL267317,7000
4T1BK3DB8CU461844,7000
1N4BL4DW6KN328587,7000
5GAKVDKD1DJ107643,7000
JTEZU5JR3L5226641,7000
WA1DGBFE2CD006515,7000
4T1G11AK7LU381503,7000
2T1BU4EE3BC537978,7000
1FTEW1CP8LFC39171,7000
2C4RDGBG4LR243030,7000
2GNAXUEV5L6100027,7000
KMHGN4JEXJU236730,7000
2FMPK4K83HBB72919,7000
5FNYF4H59BB021622,7000
1G1FC1RX9H0117099,7000
1N4AA6AP1HC439899,7000
3LN6L2JK4GR610373,7000
19UDE2F32HA007118,7000
5FNYF8H58LB015786,7000
1FD8W3HT0KEF04096,7000
JM3KFACM4L0844954,7000
3C6UR5NJ8JG426352,7000
5YFEPMAE2MP156636,7000
YV4CZ592X61303355,7000
KL4CJASB4HB229015,7000
5FNYF5H56MB004785,7000
1GKFK66U75J175420,7000
5J6RW2H27LL018886,7000
KL4MMBS22LB129019,7000
2FMPK4K95GBC46588,7000
3C4PDDEG6KT795111,7000
1C6SRFFT2LN407884,7000
WBAXG5C5XDD233362,7000
1FMSK7FH8LGA24143,7000
2C3CDYBT9EH106039,7000
KM8K3CA53MU610562,7000
JN1EV7AR5LM253778,7000
1C4GJWBG7GL163214,7000
5N1DR2MN3KC627782,7000
1C4PJLCB2GW302648,7000
JA4AP3AU4LU012369,7000
2T2HZMDA8LC251101,7000
3TMCZ5AN9LM367331,7000
1C6RR7LT1HS834894,7000
3GNKBBRA4LS729276,7000
5NPDH4AE4DH371778,7000
3GNAXHEVXLS679623,7000
W1W4ECHY9LT022665,7000
2C4RDGBG8HR687759,7000
5FNYF4H92AB020684,7000
3GNKBCRS2LS714015,7000
1G6DK5RKXL0152856,7000
1FTEW1EG6GFA47959,7000
YV4960DL9A2119890,7000
19UUB1F50GA013406,7000
1C4HJXFGXLW142614,7000
3C4PDDEGXJT464398,7000
1C6RR7LG1ES110749,7000
1G1FY6S05L4134267,7000
5TDBZRBH6LS520162,7000
1HGCR2F35HA287164,7000
5YFS4MCE2MP061003,7000
3VWDB7AJXJM262938,7000
1C4RJFCT3LC398675,7000
JN8AZ2NE4K9234087,7000
1FMSK7DH2LGC89269,7000
JTHBE1BL4D5009752,7000
KNMAT2MVXLP517363,7000
4S4BTANC3L3195714,7000
3N1CN8EV2LL801881,7000
1G1FZ6S00L4136604,7000
4T1F11AK0LU976138,7000
2T2HZMDA6LC255406,7000
2C3CDXHGXKH673618,7000
3CZRU6H59LM705597,7000
7FARW1H51LE016441,7000
3GNAXKEV0LS680566,7000
2GNAXHEV7L6275788,7000
1ZVBP8CU3D5273828,7000
WA1YD64B94N050534,7000
JM3KFBAYXL0851323,7000
3GNAXKEV5LS582519,7000
5NPD84LF9JH254070,7000
3HGGK5H87LM709494,7000
JM3KFBDM7L1841643,7000
1HGCV1F17LA105879,7000
JTHCM1D25H5021653,7000
3GNCJLSB0LL279720,7000
1GCRWCEDXLZ365157,7000
4JGDA7FB2HA958493,7000
1HGCV1F10KA093573,7000
2C3CDXBG5LH108039,7000
1FM5K7BH0HGD10031,7000
3VV3B7AXXKM144488,7000
MAJ6S3JL4LC318873,7000
1GTR8CEKXLZ173326,7000
1FMJK2AT4LEA55220,7000
1GYS3BKJ2KR281440,7000
1FTFW1RGXKFD38441,7000
3C4PDCAB4LT259408,7000
JM3KFACM1L0861517,7000
WBA73AK0XL7F88848,7000
2CNALDEW3A6344040,7000
1FMJU1JT6KEA36445,7000
JN1AZ4EH3KM420172,7000
1GHDX03E81D291565,7000
1FTSS34L68DA55016,7000
1C6RRFFG4LN305536,7000
7FARW1H82LE014191,7000
1C4HJXFN6LW339200,7000
2GNAXTEX9J6282775,7000
1FMSK7DH7LGC75688,7000
JA4MT31R91P056917,7000
5GAKRBKD1HJ130242,7000
1GKKNKLA1LZ235375,7000
5NPD84LF8JH235042,7000
JHMGD386X8S036452,7000
WA1DECF34L1119314,7000
5TDZK23C28S145732,7000
3VWCB7BU0LM009988,7000
5N1AT2MTXLC703504,7000
1C6RR7LG6HS870437,7000
YV4102DLXM1676537,7000
1G6DN5RK1L0122670,7000
5NPE24AF5HH535558,7000
1C4RJEAG2LC430404,7000
1G1ZB5ST6LF149299,7000
KM8J3CA42MU293506,7000
JN8AT2MV1HW017450,7000
4JGBF7BE0AA569205,7000
4S3GKAD69K3608226,7000
5TFCZ5AN7HX117586,7000
5N1DR2MM3KC626378,7000
2GCEC19V1Y1150054,7000
JTMRJREV9JD189741,7000
1FTFW1EF1CFC18977,7000
2HKRW1H21LH408290,7000
1G1YY32G245125154,7000
3GNCJKSB3LL327057,7000
5XYPG4A5XLG669130,7000
1GNSKSKD0MR121389,7000
ZACNJABB0LPL68231,7000
5TFUY5F15HX627626,7000
JN8AS5MT8AW506257,7000
3N1AB7AP8KY329169,7000
KNDCB3LC3L5375628,7000
JN8AZ2NC5K9460962,7000
KM8JUCAG3FU104758,7000
1FMCU9J9XLUA40601,7000
1N6AA1EF4LN511915,7000
1N4AL3AP7GC244851,7000
1C4NJPBB0GD761446,7000
3MW5R1J03L8B42026,7000
1FADP3K22EL285745,7000
1C6RR7FG7HS631426,7000
2HKRW2H9XLH671123,7000
3N1AB7AP9JY255209,7000
JN1BJ1CP5KW520864,7000
KM8J33A21HU481275,7000
JTHBK1EG6B2471560,7000
1GTU9DED6LZ319588,7000
1C6RR6LM3GS376390,7000
3GNKBGRSXKS696997,7000
5XYPGDA56LG618160,7000
1N4BL4CW3LC115479,7000
19XFB2F93DE258130,7000
3TMLU4EN0AM048075,7000
2GNAXKEV5L6252670,7000
SALVP2BG1HH199654,7000
4S4BSADC4H3351352,7000
1VWCN7A33EC113072,7000
2C4RDGBG8LR233732,7000
3MEHM08Z09R635418,7000
3MW5R1J00L8B18508,7000
1C4HJXEN8KW586069,7000
1C6RREMT6LN238707,7000
2C3CDXHG7KH581804,7000
7FARW2H50JE016160,7000
3CZRU5H33HG708235,7000
1C4HJXDG9LW340474,7000
JF2GTAPC9MH200931,7000
JF1GR89658L826935,7000
2C3CDXBG0LH208016,7000
1GNSKSKD0MR127211,7000
1G1ZB5ST6HF115483,7000
SALCK2FX6LH864640,7000
SALGS2FV0HA369592,7000
KL4MMFSL8LB107851,7000
KL7CJNSBXLB349825,7000
3N1AB7AP0KY299732,7000
1C6SRFFT9LN420955,7000
7JR102FL1KG002109,7000
2HGFC1F34HH637068,7000
JTEBU5JR7L5834941,7000
1FTEW1E44LFB63855,7000
JF2GTHNC2M8219025,7000
1FMCU9H93LUA63157,7000
2C4RC1BG1KR583041,7000
JTEBU5JR2K5671260,7000
1G4G45G39GF196426,7000
1FTYE1Y85LKB46004,7000
YV4A22PLXJ1193745,7000
JM1GL1XY7J1328891,7000
1FAHP2KT0FG186677,7000
1FMCU0GD1JUB69542,7000
2T1BURHEXHC958274,7000
1FTEW1CP5LKE77695,7000
KNDCM3LD9L5391092,7000
1FT8W3DT3FEC23491,7000
2C4RC1FG4LR209700,7000
KNDPMCAC8H7205839,7000
KM8J23A45MU285760,7000
3GNCJRSB7LL234566,7000
1FTER4FH1LLA35116,7000
5FNRL38858B067166,7000
1FT7W2B69KEF52063,7000
5LMCJ2D91HUL40401,7000
3FA6P0HD0LR247395,7000
1FT7W2BTXKEG68071,7000
1GTW7AFG0L1201847,7000
4T1BK1EB8GU224571,7000
1G6AX5SS2G0104305,7000
JN1BJ1CR9HW141957,7000
5XXGT4L30LG384089,7000
3VW5T7AU3LM000628,7000
WDDNG71XX8A193033,7000
5FNRL6H73LB042364,7000
4T1M11AK5LU993833,7000
ML32A3HJ2FH003533,7000
JN8AZ2NE0B9000576,7000
KNDPNCAC9L7835441,7000
1C6SRFFT1LN416494,7000
1G1FB3DS2L0104939,7000
3FA6P0CD4KR118016,7000
5TFLU4EN8FX113269,7000
KL4MMGSL5LB061899,7000
1GNSCBKC2HR167672,7000
5LMCJ2D93KUL01641,7000
1FT8W3BN1LED83658,7000
JTMF1RFV5KD011148,7000
2LMPJ8KP5LBL18560,7000
JN8AT2MT9HW130884,7000
2T3W1RFV6LW100201,7000
1FMCU0JD9HUD74450,7000
3GCUKSEC1FG349022,7000
5YFBURHE7FP215570,7000
JN8AT2MT3LW033690,7000
1GKKNKLA8LZ226026,7000
1FTEW1E46LKF07080,7000
1FATP8FF1J5119298,7000
KNDJ23AU7L7063822,7000
JTDKN3DU3F1901178,7000
3VWED21C22M445058,7000
WDDZF4JB2JA391554,7000
3FA6P0HD4FR188436,7000
1C4BJWDG5DL515449,7000
5UXCX6C06L9D18116,7000
5J6RW2H84KA018844,7000
1GCGTEEN5K1108022,7000
1HGCV1F40JA110543,7000
KNDJ23AU9L7731894,7000
5J8TC2H65ML003801,7000
3GNCJPSBXLL293504,7000
1FD7X2B69LED79719,7000
JM3KFADM1L0838642,7000
1C4HJWEG5FL526477,7000
3GTU9DED2LG370540,7000
3GCPWCED5LG414627,7000
KL8CH6SA5MC700110,7000
1C6SRFFT9LN218830,7000
JTHBK1GG4G2242329,7000
KL4MMGSL8LB040500,7000
5GAEVAKWXLJ187990,7000
1HGCP36898A006846,7000
JC1NFAEK7H0125784,7000
WA1AECF33L1115080,7000
1FMCU0G69LUA61304,7000
3FA6P0G76LR234534,7000
5TBBT48102S227685,7000
1G1BE5SM9H7178637,7000
1FTEW1EP5HFB19574,7000
3GNCJLSBXHL249681,7000
JTMZFREV2HJ143388,7000
1GCGSCENXM1123075,7000
1FTEW1C49LKE60324,7000
WBSJF0C03LCE37567,7000
1FM5K8GT7HGD03855,7000
3N1AB7AP7KY214210,7000
4S4BTAEC9L3240171,7000
4T1B61HK7JU509446,7000
1N4BL4CW2LC272159,7000
1FMJU2AT7LEA65962,7000
1N4AL3AP7JC261155,7000
1FTFW1EF3HFA17881,7000
3TMCZ5AN3LM314480,7000
JTJAARBZ1L2177115,7000
19XFC2F76HE027336,7000
5YFBURHE2JP815972,7000
WDC0G4KBXHF224011,7000
1GNSKCKJ2KR140678,7000
WMEFJ5DA5GK136549,7000
KM8J3CALXKU880718,7000
4T1C11AK3LU983278,7000
5XYPG4A52LG631987,7000
2LMPJ6K98LBL03587,7000
1J8HR68T89C546575,7000
3GCPWFED2LG414621,7000
5J6RW1H20LA013633,7000
KM8J3CA27JU760123,7000
2GTEK13C681142364,7000
1C6SRFFT5LN184787,7000
5J6RE3H3XAL027368,7000
3C4NJCBB8JT304782,7000
ZACCJBDB6HPF96321,7000
JF2SJAEC9HH508416,7000
2HGFC2F64LH515688,7000
3GTU9BED5LG414857,7000
2GNAXKEV8K6284107,7000
1G1PM5SC4C7236162,7000
1C4HJXEG9LW318781,7000
1NXBR32E66Z628795,7000
WDZPF0CD0KP116546,7000
2GNAXKEV8L6267681,7000
1GNKRGKD0HJ307978,7000
1FMCU0F78DUA39810,7000
3GCUKREC7GG220664,7000
JM1GL1WY5J1333394,7000
JN8AY2NF9K9351675,7000
JF2SJAGC7JH442094,7000
1G1ZB5ST9LF141925,7000
2C4RC1BG7DR780573,7000
1FTFW1ET9DKF89769,7000
3MZBM1U72GM321892,7000
WBAJE7C54KWD53914,7000
5XXGT4L39KG299329,7000
JN8AZ2NC4J9440720,7000
3FA6P0LU1KR210586,7000
1C6RRFFG1LN415055,7000
3GNAXKEV3LS717187,7000
4F2CY9C70AKM02979,7000
3FA6P0HD9LR185706,7000
JM1BPBAM3K1116551,7000
3GNAXKEV5LS731768,7000
4T1C11AK0LU327152,7000
3KPFL4A70JE195367,7000
19XZE4F56ME002805,7000
KL4CJESB6KB926071,7000
3HGGK5H40LM705266,7000
5NPEB4AC8CH356011,7000
1G1PC5SB9E7401023,7000
3VWC57BU6LM078434,7000
5N1DL0MN8LC518189,7000
JTEBU5JR5H5415199,7000
KL7CJLSB1LB314546,7000
1FMCU9J93GUA41496,7000
1FMSK7BH3LGC98436,7000
1FTYR1YM3KKA41932,7000
JF2SKARC0LH591363,7000
3C4NJDCB0HT672906,7000
3N1CN8EV8LL868470,7000
3GCPCREC0JG566783,7000
3C6UR5DJ9GG102448,7000
JA4AD3A36FZ000876,7000
3N1CP5CU3KL525308,7000
JTEZU5JR0F5101424,7000
1N6AD0ER6KN708370,7000
5TDYZ3DC7LS080946,7000
1N4BL4BV8LC273986,7000
5FNYF5H24MB004564,7000
7FARW1H58LE016291,7000
1G1BE5SM9J7219824,7000
5NMZWDLA2HH052243,7000
WP0CF2A78JL195297,7000
1GTG6EENXH1190586,7000
2GNALCEK6G6187227,7000
5J6RW2H25LA014668,7000
4JGDF6EE8HA978643,7000
1GNSKCKC2LR134138,7000
1GKS1AKC2HR115732,7000
2T3H1RFV8LW098461,7000
5FNRL6H77LB071530,7000
JN1BJ1CPXJW104551,7000
5J6RW1H92KL003623,7000
1G1ZD5ST7LF131274,7000
2T3P1RFV1LC137811,7000
1G1PE5SB1F7286820,7000
KM8J33ALXLU186693,7000
1C6RR7GG8LS153265,7000
5N1AZ2MS8KN108319,7000
5J6RW2H83LL032577,7000
4T1F11BK1LU013523,7000
JA4AP4AU4LU002432,7000
1N6BF0KY6LN809257,7000
2C3CDXBG3LH153612,7000
3CZRU6H55JG705513,7000
1C4RDJAG3DC580233,7000
MAJ6S3GL3LC371183,7000
3C4PDCGB8JT157890,7000
1FADP3F25JL291530,7000
5TDKZ3DCXJS906045,7000
JTHBK1GG8D2002454,7000
KM8J2CA48KU931435,7000
1FMJU1LT9LEA42562,7000
1FTEW1E51LKD31869,7000
KNMAT2MV6GP620091,7000
2HGFC1F37HH644550,7000
3GKALMEV6LL306168,7000
1FT7W2BN8LEE31212,7000
1FAHP2F83KG111522,7000
1HGCV2F36LA025366,7000
1FMJK1HT3LEA27229,7000
1HGFA165X8L059066,7000
3VWSF71K96M736941,7000
5FNYF6H09MB013359,7000
3GNAXKEV7LS732646,7000
5NPD74LF3HH185230,7000
3GKALVEV0LL124505,7000
5FNYF4H23EB016541,7000
3VV1B7AX7LM159491,7000
3CZRU5H31LG700756,7000
5FNYF5H36MB006924,7000
1C4RJFBG2LC386232,7000
KL4CJBSB0JB695942,7000
2GNALBEK9E6328198,7000
1HGCS1B80BA016438,7000
LVY992ML7JP005694,7000
KL4MMBS20LB114244,7000
1G1ZD5ST0KF106604,7000
1HGCR2F51GA080903,7000
JTDT4MCEXMJ056334,7000
3FA6P0HD2GR202769,7000
KL4CJ1SB3HB230107,7000
KNDPM3AC8K7554085,7000
JTDVPMAEXMJ130516,7000
1GYS4CKJ0HR123660,7000
1V2TR2CA9MC522289,7000
2GNAXXEV6L6106162,7000
5N1DR2BN9LC605032,7000
JM3KFADL4H0183908,7000
JA4AP3AUXBZ021031,7000
3GTU2NEC7HG334609,7000
2HGFG11657H500600,7000
JHMZE2H56AS011576,7000
WAUGMAF47LN003842,7000
5FNRL5H93GB044553,7000
1C6RR7GT6GS396401,7000
1FTEW1E4XLFC39031,7000
1GT49UEY7LF312265,7000
1GKKNNLS2HZ218506,7000
1FMJU2AT2LEA51709,7000
5FNRL6H77KB108722,7000
1FTEW1C53LFB80450,7000
5N1AT2MV6LC752474,7000
1FTEW1C49LKE39277,7000
1FTEW1E43LKF38643,7000
ZACNJBC16LPL76085,7000
1FMJK2AT7LEA67085,7000
MAJ3S2GE2LC336357,7000
KM8SR4HF8EU064801,7000
1C6SRFFT5LN413582,7000
2C3CDZFJ6KH642330,7000
1GYKNERS6LZ129530,7000
1C4BJWCG9HL729710,7000
1FM5K8D81HGB42693,7000
5NPE24AF6HH575647,7000
WBAJE7C37HG479408,7000
3GNAXHEV8LS727152,7000
3VV3B7AX3LM160436,7000
1G6KB5RS6LU100060,7000
JF2SKAJC6LH587510,7000
5NPD84LFXKH433669,7000
1FTEW1CP6LKE27467,7000
W1N0G8DB8LV257610,7000
WA1FECF30L1124163,7000
1FMJU1MT5LEA63651,7000
1GNSCBKC4HR360177,7000
3GNKBGRS0KS590008,7000
2FMPK4K91GBB03251,7000
2C3CDXJG2HH516071,7000
4S4BSAFC0J3373450,7000
3FA6P0HD6LR254982,7000
3FA6P0SU0LR258292,7000
WBAVL1C5XEVY10446,7000
1FTEW1EG8FFB18206,7000
4S4BTACC6L3253107,7000
3C63RRPL3LG219663,7000
5TFDY5F19LX943894,7000
1GNERGKW3LJ296854,7000
2FMPK4J9XLBA40873,7000
1FTEW1E41KFC04084,7000
1GNSCBKC0KR177267,7000
KM8J33A43LU261310,7000
3VWEB7BU1LM066208,7000
2GNALCEK5F1143909,7000
19XFC1F30LE021399,7000
1G1165S38FU127628,7000
5J6RM4H52EL074247,7000
5NPEH4J2XLH051485,7000
5TDZK3EH3CS060454,7000
1C3CDFBH6DD691593,7000
WA1LAAF77HD029286,7000
KM8SNDHF5EU059602,7000
2B3KA53H86H179186,7000
1FTEW1CP8LKD66882,7000
2T3W1RFV1LC076584,7000
KM8K22AA0LU579232,7000
2HKRM4H50FH684434,7000
WAU43AFD1HN014994,7000
3GNDA33P98S562578,7000
JF2SJAEC7JH444138,7000
KNDPM3AC5M7845856,7000
1GYS3BKJ6LR287128,7000
3MW5R1J08L8B34388,7000
1N4BL4CV1LC153011,7000
1FATP8UH7K5170651,7000
58AD21B19LU011975,7000
KNDJP3A57G7316833,7000
1C3CCBBB1DN579592,7000
3MVDMBEM7LM136798,7000
WBA3T3C51EJ877060,7000
4T1J21FB2LU019672,7000
KL7CJKSB6LB066126,7000
1FAHP2E97FG118280,7000
KNDJP3A58K7013424,7000
3C4NJDBB5LT239771,7000
3GCUKREC7JG570433,7000
3N1AB7AP3DL765797,7000
3MVDMBDL6LM140270,7000
1C4PJMBX0LD630644,7000
KM8J23A43KU905695,7000
1FTBR2XG2LKA95487,7000
2HGFC2E81LH554869,7000
1LN6L9NP8H5623937,7000
2GNAXUEV2L6189443,7000
3KPF24AD7LE262431,7000
19XFC2F83LE211540,7000
JM1DKFC73J1307990,7000
JTMRFREV9HJ709711,7000
ZFBNFYB10LP843462,7000
3FA6P0HD3HR342055,7000
5FNRL6H78LB054168,7000
1HGCG567X2A112183,7000
WDDWJ6EBXHF549966,7000
5UXKR0C33H0V82741,7000
KNDMB5C1XM6675242,7000
1G1FF1R72L0145455,7000
KM8K2CAA9LU552553,7000
1FTER4FH2LLA29390,7000
2C4RDGBG8HR550014,7000
1C6SRFJT5LN416246,7000
WA1ANAFY7L2067433,7000
1G6DA5RK9L0153743,7000
WA1B4AFY9L2029158,7000
1G1ZE5ST4HF119930,7000
5N1DR2BN9LC623451,7000
1G1RC6S59HU161390,7000
KL7CJKSB5MB307093,7000
3N1AB7AP6HY231220,7000
5TDDZ3DC1LS251429,7000
2T2ZK1BA3FC183126,7000
1FTEX1EP1HFC12315,7000
1GCHSBEA4M1124055,7000
1GNERGKW9LJ292968,7000
1FTEW1CP6LKF01826,7000
1FTEW1EF5GKF40191,7000
2LMPJ8K91LBL01028,7000
JA4AT4AA5JZ044870,7000
JM1NDAM78L0415143,7000
WBXHU7C38J5H40959,7000
1V2TR2CA6MC518667,7000
4T1BF1FK8HU302299,7000
1G1FB1RS7L0132099,7000
KNDJ23AU0M7736936,7000
5XXGM4A77FG503943,7000
1C4RJFBG4LC359534,7000
3VWCB7BU6LM022468,7000
2LMPJ8LP5HBL14501,7000
3FA6P0HD9LR249663,7000
5J8TC1H52LL021995,7000
2T3F1RFV1LC118204,7000
3FA6P0H77JR278568,7000
1HGCM56726A176037,7000
1FM5K8D83GGB73376,7000
3LNHL2GC2CR821378,7000
2GNAXHEV1L6267931,7000
1C4HJXDG7LW201900,7000
1GYKNDRS2LZ229182,7000
5YFS4RCE2LP015733,7000
5NPDH4AEXEH462250,7000
3GKALMEV6LL302380,7000
JTEBU5JR8K5736242,7000
2C4RC1BG1LR266670,7000
WAUB1GFF3G1047129,7000
5NPEB4AC0DH593657,7000
1C4RJFCT2HC692706,7000
1FTEW1C5XLFC00452,7000
1GCRYDED2LZ151702,7000
1VWMA7A30LC017428,7000
2C4RC1FG1JR198216,7000
1GKS2CKJ6HR339383,7000
1FTEW1CP1LKF15388,7000
1GYKPDRS5LZ152267,7000
1N6AD0ER8KN746053,7000
WBXHT3C3XH5F76801,7000
KL4CJASB9KB843968,7000
5TDYK3EH4CS078182,7000
4S4WX83DX74404277,7000
4T1E31AK1LU536239,7000
ZASPAKBN9L7C76891,7000
5J8TC1H5XLL017712,7000
2C4RDGCG0JR346540,7000
5TDJZRFH7JS822899,7000
3D7KS28A27G801567,7000
1FTEW1E48LKF09753,7000
YV140MTL7H2434540,7000
1FMCU0G64LUC21735,7000
1HGCV2F97KA017165,7000
3N1AB7AP9KY322313,7000
2T1KU40E59C092211,7000
MAJ6S3FL5KC269884,7000
1FAHP3HN0AW232859,7000
MAJ6S3GL8LC362401,7000
ZFBHRFAB2L6S00216,7000
2T3WFREV6HW396850,7000
58ABZ1B15KU037099,7000
JF2SKAGC1LH610747,7000
3GNAXUEV4LL313238,7000
5XXGT4L31LG388734,7000
1GB3GSCG0H1102017,7000
2C4RC1CG2LR129641,7000
1FTEW1E50JKF02947,7000
1N6BD0CT8JN719307,7000
2T2GA31U86C047978,7000
3GTU2VEC6FG223918,7000
5XYPG4A58LG692907,7000
KL8CB6SA8KC711326,7000
5FNYF5H1XMB005208,7000
1FTEW1E51KFA20367,7000
1G1FE1R74L0147162,7000
5FPYK3F81KB026288,7000
1GKS2JKJ7FR161128,7000
2FMHK6DT1KBA16841,7000
5TDGZRAH0LS510136,7000
2FMDK3JC1DBC73096,7000
LRBFXBSA5LD208684,7000
1FTEW1EP0HFB28067,7000
1GCGTCEN0M1111272,7000
2T3WFREV8JW468072,7000
WDCTG4GB6HJ318454,7000
MAJ6S3KL7LC358184,7000
YV4A22PK1G1035486,7000
1FMJU1HT5LEA69282,7000
1N4BL4CV9LC273378,7000
1GCGTDEN6M1107488,7000
5N1AZ2ASXLN165935,7000
1G6YV34A555603015,7000
5GAKRBKD7GJ174034,7000
5J6RW2H5XLL029102,7000
MAJ6S3GL2LC363074,7000
1G1FH3D71L0146755,7000
1GKKNXLS1LZ228299,7000
KL79MRSL8MB032175,7000
1FA6P8CF1L5150572,7000
JN8AZ2NE3K9234288,7000
KMHD84LF6LU099353,7000
5GAERBKW7KJ184103,7000
3GNCJKSB6LL295026,7000
19XFC1F38LE019397,7000
4S3BL616287214772,7000
WP0AC2A93FS183718,7000
5YFBURHE9KP923412,7000
3GNCJKSB9LL307167,7000
JM3KFACM6L1824795,7000
JN1BJ1CV8LW271928,7000
1FTER4FH2LLA24383,7000
1G11Z5S37KU129727,7000
KMHTG6AF4LU024616,7000
4T1C11AK1LU998698,7000
3KPFL4A71JE242678,7000
4T1C11AK9LU383056,7000
1G6DX5RK2L0134787,7000
1GYKPDRS4LZ127974,7000
1C4RJFBG5LC389514,7000
2FMPK4K91LBA00731,7000
4T3BK3BB2FU110863,7000
3GKALPEV5LL336070,7000
1C6SRFET9KN733567,7000
3GNCJLSBXLL279580,7000
JM3KFBCM3L1819415,7000
KM8K62AA5MU601215,7000
2HKRM4H59GH680142,7000
1C4PJMDX9LD641395,7000
1HGCV1F42LA112944,7000
4T1C31AK8LU017065,7000
5J8YD4H3XLL041933,7000
1J4FA49S11P314231,7000
3C4PDCGG8KT783016,7000
5XYPHDA1XHG278366,7000
19UUA9F22AA008920,7000
KM8J33A46HU452548,7000
3FA6P0HD8HR247961,7000
5N1DL0MN7LC537090,7000
LVY982AK7JP020176,7000
1C4HJXDN1KW588621,7000
2FMGK5D80JBA09766,7000
1C6RR7PT9JS203441,7000
1HGFA16579L029069,7000
W1W4EBVY8LT030464,7000
3FA6P0HD7LR145625,7000
LRBFXCSAXLD033547,7000
3N1CN8DVXLL901955,7000
5XYZT3LB6JG531373,7000
KMHD74LF9LU105987,7000
2C4RDGBG9LR184069,7000
LRBFX2SA2LD178852,7000
JF1GV7E68EG003500,7000
2FMPK4J93GBC65240,7000
2C4RC1BG3LR223531,7000
W1W4EBHY6LT030054,7000
JM1DKBD70G0116095,7000
2GCVKMEC9K1167202,7000
WBA7E2C54HG740525,7000
5XXGW4L28HG125078,7000
3G1BE6SM0JS641844,7000
3PCAJ5M10LF117245,7000
5FRYD3H59HB014046,7000
5TFCZ5AN8JX164146,7000
19XFB2F87DE273625,7000
2HGFG3B55CH514217,7000
5FNRL6H71LB066789,7000
3N1CN8DV6LL905548,7000
1G1ZB5ST9LF156375,7000
5GAKVCKD1HJ322469,7000
5FNYF5H58MB006215,7000
WDDGF8BB3AF424044,7000
1GKS2DKL8MR104825,7000
WBA73AK0XL7F94505,7000
19XFC2F86LE208776,7000
1FTEW1CP7LKE40499,7000
5FPYK3F59KB028683,7000
MAJ3S2GE0LC348054,7000
3KPF24AD5LE204933,7000
4T3D6RFV7LU002349,7000
1HGCV3F96LA011901,7000
5NPD84LF3KH428930,7000
3N1CN7APXKL835034,7000
1N4AL2AP8AN557946,7000
JF2GTADC0JH337482,7000
SADCL2GX6LA628523,7000
1G8AJ55F06Z206770,7000
5S3ET13S182801515,7000
KNMAT2MT6JP604768,7000
NM0LS7E25L1472457,7000
WA1LAAF7XHD016631,7000
KMHD04LB6LU068950,7000
JTDKBRFU0G3013194,7000
MAJ6S3KL3LC341110,7000
5NPD84LF6KH413743,7000
3LNDL2L33CR820311,7000
JN8AT2MT7JW456351,7000
JF2SH63669H755576,7000
1FADP3F20EL252091,7000
1G1ZD5ST1KF213015,7000
3LN6L5LU1HR600918,7000
1C6RR7VT2FS585113,7000
ZARFANBN9K7611545,7000
SALYK2EX2LA275813,7000
KMHDU4AD3AU977587,7000
2G4GN5EX0E9223327,7000
JTEBU5JR3H5423480,7000
1FMCU0G66LUB89256,7000
5J8TC2H58ML004979,7000
1GYKNGRS2LZ228812,7000
3C4PDCAB7LT218917,7000
3GKALPEV9LL324326,7000
1GCVKREH2HZ393655,7000
1GCPKPEX0AZ181282,7000
1C4RJFBG9EC150745,7000
1C6SRFJT4KN528597,7000
WVGBV7AX0HK017388,7000
4T1B11HK0KU719807,7000
3VW6T7AU4LM003736,7000
1FTKR1ED5APA15764,7000
1N4AL3AP6FC448149,7000
5N1AT2MT6JC720412,7000
3C4PDCBBXGT108206,7000
MAJ3S2GE3LC342376,7000
1N6AD0ER2KN730219,7000
1FTEW1E43LFC33619,7000
WBXJG9C08L3L81781,7000
1FM5K8D86HGC13063,7000
JF1VA1A60J9802322,7000
KL7CJLSB5KB818631,7000
JN8AT2MV2LW119655,7000
1FTEW1EP1JFC83023,7000
3GTEK23359G259822,7000
1FADP3F26JL301854,7000
1C4HJXFG2LW333959,7000
2HGFC2F81LH563683,7000
1FADP3F25JL329046,7000
3GNKBBRA4LS555130,7000
1C4HJXDN0LW267137,7000
2G1WA5E38C1158000,7000
1FTEW1E49LKE95071,7000
1FTEW1CF8HFB05985,7000
1G1BE5SM4H7266088,7000
3C4NJDCBXJT365331,7000
KMHH35LE0KU098761,7000
KM8J3CA44LU133545,7000
3N1CC11E39L468389,7000
KNMAT2MV3HP599976,7000
2HKRM3H70FH545156,7000
3GYFK66N45G116132,7000
1C6SRFJT5LN347624,7000
YV4A22RL5L1589100,7000
1GC5YME7XLF321461,7000
2GNAXUEV4K6112345,7000
3GCUYDET7LG444044,7000
19XFB2F58CE008636,7000
5NPE24AF4JH601703,7000
JTHBJ46G282216349,7000
3GTP9AEH0LG434590,7000
3GKALPEV9KL174037,7000
7FARW2H56JE019189,7000
1J4FF28B49D211535,7000
3C4NJCBBXMT505121,7000
1V26E2CA5LC212812,7000
1GCFH154691131896,7000
3VV3B7AX9JM069197,7000
3KPF34AD6LE153536,7000
WDBTJ56J46F198481,7000
19XFC2F5XJE207651,7000
1C6JJTBG9LL138949,7000
JTDS4MCE1MJ055830,7000
1GT49RE72LF323467,7000
3KPF24AD5LE251816,7000
3C4NJDBB8KT713579,7000
5J8YD3H88LL007902,7000
3FA6P0MU7KR123645,7000
1FMJK1G54CEF13826,7000
5YFBURHE0KP931611,7000
1FTEW1C48LFB97784,7000
JTJHF10U220260555,7000
2HGFB2F53DH545955,7000
1C4PJLLB4LD624407,7000
1GTG6FEN8M1120763,7000
WDDHF8HB6AA231590,7000
1G1ZH5SX1HF188780,7000
1D7RV1GP5BS652109,7000
1G1BC5SM6H7144984,7000
WBXYH9C03L5R77266,7000
1C6RRFFG4KN799234,7000
1FTEW1E44LKD86114,7000
1GYS4NKJ3FR649029,7000
